Experiment,rev,typ,Created,parent,State,Executor,dataset,scale,llm_triplet,llm_pairs,seed,run_tag,ollama_base_url,triplet_temperature,pairs_temperature,num_clusters_txt,real_k,estimated_k,run.dataset,run.scale,run.llm_triplet,run.llm_pairs,run.seed,run2llms.dataset,run2llms.scale,run2llms.llm_triplet,run2llms.llm_pairs,run2llms.seed,datasets.all,scripts/patch_get_embedding_safetensors.py,scripts/run_full_pipeline_one_dataset_two_llms.sh,scripts/run_full_pipeline_one_dataset_two_llms_cont.sh,scripts/run_prepare_data_only.sh,src/clusterllm/datasets/arxiv/small.jsonl,src/clusterllm/datasets/bank77/small.jsonl,src/clusterllm/datasets/bank77/small_cont.jsonl,src/clusterllm/datasets/clinc150/small.jsonl,src/clusterllm/datasets/clinc_domain/small.jsonl,src/clusterllm/datasets/few_event/small.jsonl,src/clusterllm/datasets/few_nerd_nat/small.jsonl,src/clusterllm/datasets/few_rel_nat/small.jsonl,src/clusterllm/datasets/go_emotions/small.jsonl,src/clusterllm/datasets/massive_domain/small.jsonl,src/clusterllm/datasets/massive_intent/small.jsonl,src/clusterllm/datasets/mtop_domain/small.jsonl,src/clusterllm/datasets/mtop_intent/small.jsonl,src/clusterllm/datasets/reddit/small.jsonl,src/clusterllm/datasets/reddit/small_cont.jsonl,src/clusterllm/datasets/stackex/small.jsonl,src/clusterllm/granularity/predict_num_clusters.py,src/clusterllm/granularity/predict_num_clusters_cont.py,src/clusterllm/granularity/predict_pairs.py,src/clusterllm/granularity/predict_pairs_cont.py,src/clusterllm/granularity/sample_pairs.py,src/clusterllm/granularity/sample_pairs_cont.py,src/clusterllm/granularity/sample_pairs_for_prompt.py,src/clusterllm/granularity/sample_pairs_for_prompt_cont.py,src/clusterllm/perspective/finetuning/convert_triplet.py,src/clusterllm/perspective/finetuning/convert_triplet_cont.py,src/clusterllm/perspective/finetuning/convert_triplet_self.py,src/clusterllm/perspective/finetuning/convert_triplet_self_cont.py,src/clusterllm/perspective/finetuning/finetune.py,src/clusterllm/perspective/finetuning/finetune_cont.py,src/clusterllm/perspective/finetuning/get_embedding.py,src/clusterllm/perspective/finetuning/get_embedding_cont.py,src/clusterllm/perspective/finetuning/prompts.json,src/clusterllm/perspective/predict_triplet/predict.py,src/clusterllm/perspective/predict_triplet/predict_cont.py,src/clusterllm/perspective/predict_triplet/triplet_sampling.py,src/clusterllm/perspective/predict_triplet/triplet_sampling_cont.py,src/data/prepare_data.py
,workspace,baseline,,,,,bank77,small,gemma:7b-instruct-q4_K_M,llama3.3:70b-instruct-q2_K,42,t=gemma__7b-instruct-q4_K_M__p=llama3.3__70b-instruct-q2_K,http://127.0.0.1:11434,0.2,0.0,/home/hamady_gackou_work/clusterllm-local/runs/granularity/num_clusters/bank77/small/t=gemma__7b-instruct-q4_K_M__p=llama3.3__70b-instruct-q2_K/llama3.3__70b-instruct-q2_K/num_clusters.txt,77,105,bank77,small,gemma:7b-instruct-q4_K_M,llama3.3:70b-instruct-q2_K,42,bank77,small,gemma:7b-instruct-q4_K_M,llama3.3:70b-instruct-q2_K,42,"['bank77', 'clinc150', 'massive_intent', 'massive_domain', 'mtop_intent', 'mtop_domain', 'go_emotions', 'reddit', 'stackex', 'arxiv', 'few_event', 'few_nerd_nat', 'few_rel_nat', 'clinc_intent', 'clinc_domain']",07f37a3d38b35dd73c97dafa8d0f06c9,8e17ef9e16f2c71dae229251e5031dc1,3cfb446f8d26e74fc50049f5ece759ff,,,cffc8b507b6768a8302a8c012a22ac55,cffc8b507b6768a8302a8c012a22ac55,,,,,,,,,,,,,,f32689d2d4df9e36473a28a64329c65b,898dbdcc5e72b9f9fb7721c7179f0a5e,90e1a0d1f11854490758d24e8eb90f63,d9d211eadc31fad1d477c1dc028bb1cb,ded7f444594a1851fa61f5c0b0353115,4aaef1a1cfbf0d8082b4c69bbfa8734d,d3c7ef559b70e51f931744abfcd33344,49fa8f05fbd971ee48e9d1e990b348d3,a9a62868c019ee3a28cfffb0f5a7c224,d2b736e2b4cecb710a93ff535efab30e,abf2fbf2ea83c0a7a38115f794e649ef,c290bc0860cb4899952d7dacef491d1f,88fba1a8f4438b63efd1665d33a05b05,1460109822b0570bb5278511169bcca8,7f8a6fb8b36e64ff3eff3081f66ecfdc,7f8a6fb8b36e64ff3eff3081f66ecfdc,619dcba700529a7b99fe2481bed35903,0806f177630a76fac9d7ef97fa1c07c7,731167a4cbfa555d0db2ee6057d193d8,0443c5ed9ca0ab8ac8cfe68b69cd7ef0,25352fba641d05bb743d1274d51fcc81,
,main,baseline,2026-02-26T03:12:33,,,,,,,,,,,,,,,,reddit,small,phi3.5:latest,llama3.3:70b-instruct-q2_K,42,reddit,small,phi3.5:latest,llama3.3:70b-instruct-q2_K,42,"['bank77', 'clinc150', 'massive_intent', 'massive_domain', 'mtop_intent', 'mtop_domain', 'go_emotions', 'reddit', 'stackex', 'arxiv', 'few_event', 'few_nerd_nat', 'few_rel_nat', 'clinc_intent', 'clinc_domain']",07f37a3d38b35dd73c97dafa8d0f06c9,8e17ef9e16f2c71dae229251e5031dc1,3cfb446f8d26e74fc50049f5ece759ff,,,,,,,,,,,,,,,,,,f32689d2d4df9e36473a28a64329c65b,898dbdcc5e72b9f9fb7721c7179f0a5e,90e1a0d1f11854490758d24e8eb90f63,d9d211eadc31fad1d477c1dc028bb1cb,ded7f444594a1851fa61f5c0b0353115,4aaef1a1cfbf0d8082b4c69bbfa8734d,d3c7ef559b70e51f931744abfcd33344,49fa8f05fbd971ee48e9d1e990b348d3,a9a62868c019ee3a28cfffb0f5a7c224,d2b736e2b4cecb710a93ff535efab30e,abf2fbf2ea83c0a7a38115f794e649ef,c290bc0860cb4899952d7dacef491d1f,88fba1a8f4438b63efd1665d33a05b05,1460109822b0570bb5278511169bcca8,7f8a6fb8b36e64ff3eff3081f66ecfdc,7f8a6fb8b36e64ff3eff3081f66ecfdc,619dcba700529a7b99fe2481bed35903,0806f177630a76fac9d7ef97fa1c07c7,731167a4cbfa555d0db2ee6057d193d8,0443c5ed9ca0ab8ac8cfe68b69cd7ef0,25352fba641d05bb743d1274d51fcc81,
vagal-cere,1f566a8,branch_commit,2026-02-28T19:28:38,,Success,Dvc-task,,,,,,,,,,,,,massive_domain,small,gemma:7b-instruct-q4_K_M,llama3.3:70b-instruct-q2_K,42massive_domain small gemma:7b-instruct-q4_K_M llama3.3:70b-instruct-q2_K 42,bank77,small,gemma:7b-instruct-q4_K_M,llama3.3:70b-instruct-q2_K,42,"['bank77', 'clinc150', 'massive_intent', 'massive_domain', 'mtop_intent', 'mtop_domain', 'go_emotions', 'reddit', 'stackex', 'arxiv', 'few_event', 'few_nerd_nat', 'few_rel_nat', 'clinc_intent', 'clinc_domain']",07f37a3d38b35dd73c97dafa8d0f06c9,8e17ef9e16f2c71dae229251e5031dc1,3cfb446f8d26e74fc50049f5ece759ff,,,,cffc8b507b6768a8302a8c012a22ac55,,,,,,,,,,,,,,f32689d2d4df9e36473a28a64329c65b,898dbdcc5e72b9f9fb7721c7179f0a5e,90e1a0d1f11854490758d24e8eb90f63,d9d211eadc31fad1d477c1dc028bb1cb,ded7f444594a1851fa61f5c0b0353115,4aaef1a1cfbf0d8082b4c69bbfa8734d,d3c7ef559b70e51f931744abfcd33344,49fa8f05fbd971ee48e9d1e990b348d3,a9a62868c019ee3a28cfffb0f5a7c224,d2b736e2b4cecb710a93ff535efab30e,abf2fbf2ea83c0a7a38115f794e649ef,c290bc0860cb4899952d7dacef491d1f,88fba1a8f4438b63efd1665d33a05b05,1460109822b0570bb5278511169bcca8,7f8a6fb8b36e64ff3eff3081f66ecfdc,7f8a6fb8b36e64ff3eff3081f66ecfdc,619dcba700529a7b99fe2481bed35903,0806f177630a76fac9d7ef97fa1c07c7,731167a4cbfa555d0db2ee6057d193d8,0443c5ed9ca0ab8ac8cfe68b69cd7ef0,25352fba641d05bb743d1274d51fcc81,
added-paps,e33e3df,branch_commit,2026-02-28T19:26:23,,Success,Dvc-task,,,,,,,,,,,,,mtop_domain,small,gemma:7b-instruct-q4_K_M,llama3.3:70b-instruct-q2_K,42,bank77,small,gemma:7b-instruct-q4_K_M,llama3.3:70b-instruct-q2_K,42,"['bank77', 'clinc150', 'massive_intent', 'massive_domain', 'mtop_intent', 'mtop_domain', 'go_emotions', 'reddit', 'stackex', 'arxiv', 'few_event', 'few_nerd_nat', 'few_rel_nat', 'clinc_intent', 'clinc_domain']",07f37a3d38b35dd73c97dafa8d0f06c9,8e17ef9e16f2c71dae229251e5031dc1,3cfb446f8d26e74fc50049f5ece759ff,,,,cffc8b507b6768a8302a8c012a22ac55,,,,,,,,,,,,,,f32689d2d4df9e36473a28a64329c65b,898dbdcc5e72b9f9fb7721c7179f0a5e,90e1a0d1f11854490758d24e8eb90f63,d9d211eadc31fad1d477c1dc028bb1cb,ded7f444594a1851fa61f5c0b0353115,4aaef1a1cfbf0d8082b4c69bbfa8734d,d3c7ef559b70e51f931744abfcd33344,49fa8f05fbd971ee48e9d1e990b348d3,a9a62868c019ee3a28cfffb0f5a7c224,d2b736e2b4cecb710a93ff535efab30e,abf2fbf2ea83c0a7a38115f794e649ef,c290bc0860cb4899952d7dacef491d1f,88fba1a8f4438b63efd1665d33a05b05,1460109822b0570bb5278511169bcca8,7f8a6fb8b36e64ff3eff3081f66ecfdc,7f8a6fb8b36e64ff3eff3081f66ecfdc,619dcba700529a7b99fe2481bed35903,0806f177630a76fac9d7ef97fa1c07c7,731167a4cbfa555d0db2ee6057d193d8,0443c5ed9ca0ab8ac8cfe68b69cd7ef0,25352fba641d05bb743d1274d51fcc81,
fixed-cons,ab9d904,branch_commit,2026-02-28T19:24:07,,Success,Dvc-task,,,,,,,,,,,,,clinc_domain,small,gemma:7b-instruct-q4_K_M,llama3.3:70b-instruct-q2_K,42,bank77,small,gemma:7b-instruct-q4_K_M,llama3.3:70b-instruct-q2_K,42,"['bank77', 'clinc150', 'massive_intent', 'massive_domain', 'mtop_intent', 'mtop_domain', 'go_emotions', 'reddit', 'stackex', 'arxiv', 'few_event', 'few_nerd_nat', 'few_rel_nat', 'clinc_intent', 'clinc_domain']",07f37a3d38b35dd73c97dafa8d0f06c9,8e17ef9e16f2c71dae229251e5031dc1,3cfb446f8d26e74fc50049f5ece759ff,,,,cffc8b507b6768a8302a8c012a22ac55,,,,,,,,,,,,,,f32689d2d4df9e36473a28a64329c65b,898dbdcc5e72b9f9fb7721c7179f0a5e,90e1a0d1f11854490758d24e8eb90f63,d9d211eadc31fad1d477c1dc028bb1cb,ded7f444594a1851fa61f5c0b0353115,4aaef1a1cfbf0d8082b4c69bbfa8734d,d3c7ef559b70e51f931744abfcd33344,49fa8f05fbd971ee48e9d1e990b348d3,a9a62868c019ee3a28cfffb0f5a7c224,d2b736e2b4cecb710a93ff535efab30e,abf2fbf2ea83c0a7a38115f794e649ef,c290bc0860cb4899952d7dacef491d1f,88fba1a8f4438b63efd1665d33a05b05,1460109822b0570bb5278511169bcca8,7f8a6fb8b36e64ff3eff3081f66ecfdc,7f8a6fb8b36e64ff3eff3081f66ecfdc,619dcba700529a7b99fe2481bed35903,0806f177630a76fac9d7ef97fa1c07c7,731167a4cbfa555d0db2ee6057d193d8,0443c5ed9ca0ab8ac8cfe68b69cd7ef0,25352fba641d05bb743d1274d51fcc81,
ethic-slue,1946a1e,branch_commit,2026-02-28T19:21:52,,Success,Dvc-task,,,,,,,,,,,,,go_emotions,small,gemma:7b-instruct-q4_K_M,llama3.3:70b-instruct-q2_K,42,bank77,small,gemma:7b-instruct-q4_K_M,llama3.3:70b-instruct-q2_K,42,"['bank77', 'clinc150', 'massive_intent', 'massive_domain', 'mtop_intent', 'mtop_domain', 'go_emotions', 'reddit', 'stackex', 'arxiv', 'few_event', 'few_nerd_nat', 'few_rel_nat', 'clinc_intent', 'clinc_domain']",07f37a3d38b35dd73c97dafa8d0f06c9,8e17ef9e16f2c71dae229251e5031dc1,3cfb446f8d26e74fc50049f5ece759ff,,,,cffc8b507b6768a8302a8c012a22ac55,,,,,,,,,,,,,,f32689d2d4df9e36473a28a64329c65b,898dbdcc5e72b9f9fb7721c7179f0a5e,90e1a0d1f11854490758d24e8eb90f63,d9d211eadc31fad1d477c1dc028bb1cb,ded7f444594a1851fa61f5c0b0353115,4aaef1a1cfbf0d8082b4c69bbfa8734d,d3c7ef559b70e51f931744abfcd33344,49fa8f05fbd971ee48e9d1e990b348d3,a9a62868c019ee3a28cfffb0f5a7c224,d2b736e2b4cecb710a93ff535efab30e,abf2fbf2ea83c0a7a38115f794e649ef,c290bc0860cb4899952d7dacef491d1f,88fba1a8f4438b63efd1665d33a05b05,1460109822b0570bb5278511169bcca8,7f8a6fb8b36e64ff3eff3081f66ecfdc,7f8a6fb8b36e64ff3eff3081f66ecfdc,619dcba700529a7b99fe2481bed35903,0806f177630a76fac9d7ef97fa1c07c7,731167a4cbfa555d0db2ee6057d193d8,0443c5ed9ca0ab8ac8cfe68b69cd7ef0,25352fba641d05bb743d1274d51fcc81,
cadgy-tint,8072887,branch_commit,2026-02-28T19:19:37,,Success,Dvc-task,,,,,,,,,,,,,reddit,small,gemma:7b-instruct-q4_K_M,llama3.3:70b-instruct-q2_K,42,bank77,small,gemma:7b-instruct-q4_K_M,llama3.3:70b-instruct-q2_K,42,"['bank77', 'clinc150', 'massive_intent', 'massive_domain', 'mtop_intent', 'mtop_domain', 'go_emotions', 'reddit', 'stackex', 'arxiv', 'few_event', 'few_nerd_nat', 'few_rel_nat', 'clinc_intent', 'clinc_domain']",07f37a3d38b35dd73c97dafa8d0f06c9,8e17ef9e16f2c71dae229251e5031dc1,3cfb446f8d26e74fc50049f5ece759ff,,,,cffc8b507b6768a8302a8c012a22ac55,,,,,,,,,,,,,,f32689d2d4df9e36473a28a64329c65b,898dbdcc5e72b9f9fb7721c7179f0a5e,90e1a0d1f11854490758d24e8eb90f63,d9d211eadc31fad1d477c1dc028bb1cb,ded7f444594a1851fa61f5c0b0353115,4aaef1a1cfbf0d8082b4c69bbfa8734d,d3c7ef559b70e51f931744abfcd33344,49fa8f05fbd971ee48e9d1e990b348d3,a9a62868c019ee3a28cfffb0f5a7c224,d2b736e2b4cecb710a93ff535efab30e,abf2fbf2ea83c0a7a38115f794e649ef,c290bc0860cb4899952d7dacef491d1f,88fba1a8f4438b63efd1665d33a05b05,1460109822b0570bb5278511169bcca8,7f8a6fb8b36e64ff3eff3081f66ecfdc,7f8a6fb8b36e64ff3eff3081f66ecfdc,619dcba700529a7b99fe2481bed35903,0806f177630a76fac9d7ef97fa1c07c7,731167a4cbfa555d0db2ee6057d193d8,0443c5ed9ca0ab8ac8cfe68b69cd7ef0,25352fba641d05bb743d1274d51fcc81,
mucid-hate,a9e7410,branch_commit,2026-02-28T19:17:21,,Success,Dvc-task,,,,,,,,,,,,,arxiv,small,gemma:7b-instruct-q4_K_M,llama3.3:70b-instruct-q2_K,42,bank77,small,gemma:7b-instruct-q4_K_M,llama3.3:70b-instruct-q2_K,42,"['bank77', 'clinc150', 'massive_intent', 'massive_domain', 'mtop_intent', 'mtop_domain', 'go_emotions', 'reddit', 'stackex', 'arxiv', 'few_event', 'few_nerd_nat', 'few_rel_nat', 'clinc_intent', 'clinc_domain']",07f37a3d38b35dd73c97dafa8d0f06c9,8e17ef9e16f2c71dae229251e5031dc1,3cfb446f8d26e74fc50049f5ece759ff,,,,cffc8b507b6768a8302a8c012a22ac55,,,,,,,,,,,,,,f32689d2d4df9e36473a28a64329c65b,898dbdcc5e72b9f9fb7721c7179f0a5e,90e1a0d1f11854490758d24e8eb90f63,d9d211eadc31fad1d477c1dc028bb1cb,ded7f444594a1851fa61f5c0b0353115,4aaef1a1cfbf0d8082b4c69bbfa8734d,d3c7ef559b70e51f931744abfcd33344,49fa8f05fbd971ee48e9d1e990b348d3,a9a62868c019ee3a28cfffb0f5a7c224,d2b736e2b4cecb710a93ff535efab30e,abf2fbf2ea83c0a7a38115f794e649ef,c290bc0860cb4899952d7dacef491d1f,88fba1a8f4438b63efd1665d33a05b05,1460109822b0570bb5278511169bcca8,7f8a6fb8b36e64ff3eff3081f66ecfdc,7f8a6fb8b36e64ff3eff3081f66ecfdc,619dcba700529a7b99fe2481bed35903,0806f177630a76fac9d7ef97fa1c07c7,731167a4cbfa555d0db2ee6057d193d8,0443c5ed9ca0ab8ac8cfe68b69cd7ef0,25352fba641d05bb743d1274d51fcc81,
paler-alto,e1d7ab9,branch_commit,2026-02-28T19:15:08,,Success,Dvc-task,,,,,,,,,,,,,stackex,small,gemma:7b-instruct-q4_K_M,llama3.3:70b-instruct-q2_K,42,bank77,small,gemma:7b-instruct-q4_K_M,llama3.3:70b-instruct-q2_K,42,"['bank77', 'clinc150', 'massive_intent', 'massive_domain', 'mtop_intent', 'mtop_domain', 'go_emotions', 'reddit', 'stackex', 'arxiv', 'few_event', 'few_nerd_nat', 'few_rel_nat', 'clinc_intent', 'clinc_domain']",07f37a3d38b35dd73c97dafa8d0f06c9,8e17ef9e16f2c71dae229251e5031dc1,3cfb446f8d26e74fc50049f5ece759ff,,,,cffc8b507b6768a8302a8c012a22ac55,,,,,,,,,,,,,,f32689d2d4df9e36473a28a64329c65b,898dbdcc5e72b9f9fb7721c7179f0a5e,90e1a0d1f11854490758d24e8eb90f63,d9d211eadc31fad1d477c1dc028bb1cb,ded7f444594a1851fa61f5c0b0353115,4aaef1a1cfbf0d8082b4c69bbfa8734d,d3c7ef559b70e51f931744abfcd33344,49fa8f05fbd971ee48e9d1e990b348d3,a9a62868c019ee3a28cfffb0f5a7c224,d2b736e2b4cecb710a93ff535efab30e,abf2fbf2ea83c0a7a38115f794e649ef,c290bc0860cb4899952d7dacef491d1f,88fba1a8f4438b63efd1665d33a05b05,1460109822b0570bb5278511169bcca8,7f8a6fb8b36e64ff3eff3081f66ecfdc,7f8a6fb8b36e64ff3eff3081f66ecfdc,619dcba700529a7b99fe2481bed35903,0806f177630a76fac9d7ef97fa1c07c7,731167a4cbfa555d0db2ee6057d193d8,0443c5ed9ca0ab8ac8cfe68b69cd7ef0,25352fba641d05bb743d1274d51fcc81,
kooky-leaf,6a4ecda,branch_commit,2026-02-28T19:12:54,,Success,Dvc-task,,,,,,,,,,,,,few_event,small,gemma:7b-instruct-q4_K_M,llama3.3:70b-instruct-q2_K,42,bank77,small,gemma:7b-instruct-q4_K_M,llama3.3:70b-instruct-q2_K,42,"['bank77', 'clinc150', 'massive_intent', 'massive_domain', 'mtop_intent', 'mtop_domain', 'go_emotions', 'reddit', 'stackex', 'arxiv', 'few_event', 'few_nerd_nat', 'few_rel_nat', 'clinc_intent', 'clinc_domain']",07f37a3d38b35dd73c97dafa8d0f06c9,8e17ef9e16f2c71dae229251e5031dc1,3cfb446f8d26e74fc50049f5ece759ff,,,,cffc8b507b6768a8302a8c012a22ac55,,,,,,,,,,,,,,f32689d2d4df9e36473a28a64329c65b,898dbdcc5e72b9f9fb7721c7179f0a5e,90e1a0d1f11854490758d24e8eb90f63,d9d211eadc31fad1d477c1dc028bb1cb,ded7f444594a1851fa61f5c0b0353115,4aaef1a1cfbf0d8082b4c69bbfa8734d,d3c7ef559b70e51f931744abfcd33344,49fa8f05fbd971ee48e9d1e990b348d3,a9a62868c019ee3a28cfffb0f5a7c224,d2b736e2b4cecb710a93ff535efab30e,abf2fbf2ea83c0a7a38115f794e649ef,c290bc0860cb4899952d7dacef491d1f,88fba1a8f4438b63efd1665d33a05b05,1460109822b0570bb5278511169bcca8,7f8a6fb8b36e64ff3eff3081f66ecfdc,7f8a6fb8b36e64ff3eff3081f66ecfdc,619dcba700529a7b99fe2481bed35903,0806f177630a76fac9d7ef97fa1c07c7,731167a4cbfa555d0db2ee6057d193d8,0443c5ed9ca0ab8ac8cfe68b69cd7ef0,25352fba641d05bb743d1274d51fcc81,
sharp-tors,ad219d7,branch_commit,2026-02-28T19:10:38,,Success,Dvc-task,,,,,,,,,,,,,few_nerd_nat,small,gemma:7b-instruct-q4_K_M,llama3.3:70b-instruct-q2_K,42,bank77,small,gemma:7b-instruct-q4_K_M,llama3.3:70b-instruct-q2_K,42,"['bank77', 'clinc150', 'massive_intent', 'massive_domain', 'mtop_intent', 'mtop_domain', 'go_emotions', 'reddit', 'stackex', 'arxiv', 'few_event', 'few_nerd_nat', 'few_rel_nat', 'clinc_intent', 'clinc_domain']",07f37a3d38b35dd73c97dafa8d0f06c9,8e17ef9e16f2c71dae229251e5031dc1,3cfb446f8d26e74fc50049f5ece759ff,,,,cffc8b507b6768a8302a8c012a22ac55,,,,,,,,,,,,,,f32689d2d4df9e36473a28a64329c65b,898dbdcc5e72b9f9fb7721c7179f0a5e,90e1a0d1f11854490758d24e8eb90f63,d9d211eadc31fad1d477c1dc028bb1cb,ded7f444594a1851fa61f5c0b0353115,4aaef1a1cfbf0d8082b4c69bbfa8734d,d3c7ef559b70e51f931744abfcd33344,49fa8f05fbd971ee48e9d1e990b348d3,a9a62868c019ee3a28cfffb0f5a7c224,d2b736e2b4cecb710a93ff535efab30e,abf2fbf2ea83c0a7a38115f794e649ef,c290bc0860cb4899952d7dacef491d1f,88fba1a8f4438b63efd1665d33a05b05,1460109822b0570bb5278511169bcca8,7f8a6fb8b36e64ff3eff3081f66ecfdc,7f8a6fb8b36e64ff3eff3081f66ecfdc,619dcba700529a7b99fe2481bed35903,0806f177630a76fac9d7ef97fa1c07c7,731167a4cbfa555d0db2ee6057d193d8,0443c5ed9ca0ab8ac8cfe68b69cd7ef0,25352fba641d05bb743d1274d51fcc81,
mossy-sled,192d622,branch_commit,2026-02-28T19:07:59,,Success,Dvc-task,,,,,,,,,,,,,few_rel_nat,small,gemma:7b-instruct-q4_K_M,llama3.3:70b-instruct-q2_K,42,bank77,small,gemma:7b-instruct-q4_K_M,llama3.3:70b-instruct-q2_K,42,"['bank77', 'clinc150', 'massive_intent', 'massive_domain', 'mtop_intent', 'mtop_domain', 'go_emotions', 'reddit', 'stackex', 'arxiv', 'few_event', 'few_nerd_nat', 'few_rel_nat', 'clinc_intent', 'clinc_domain']",07f37a3d38b35dd73c97dafa8d0f06c9,8e17ef9e16f2c71dae229251e5031dc1,3cfb446f8d26e74fc50049f5ece759ff,,,,cffc8b507b6768a8302a8c012a22ac55,,,,,,,,,,,,,,f32689d2d4df9e36473a28a64329c65b,898dbdcc5e72b9f9fb7721c7179f0a5e,90e1a0d1f11854490758d24e8eb90f63,d9d211eadc31fad1d477c1dc028bb1cb,ded7f444594a1851fa61f5c0b0353115,4aaef1a1cfbf0d8082b4c69bbfa8734d,d3c7ef559b70e51f931744abfcd33344,49fa8f05fbd971ee48e9d1e990b348d3,a9a62868c019ee3a28cfffb0f5a7c224,d2b736e2b4cecb710a93ff535efab30e,abf2fbf2ea83c0a7a38115f794e649ef,c290bc0860cb4899952d7dacef491d1f,88fba1a8f4438b63efd1665d33a05b05,1460109822b0570bb5278511169bcca8,7f8a6fb8b36e64ff3eff3081f66ecfdc,7f8a6fb8b36e64ff3eff3081f66ecfdc,619dcba700529a7b99fe2481bed35903,0806f177630a76fac9d7ef97fa1c07c7,731167a4cbfa555d0db2ee6057d193d8,0443c5ed9ca0ab8ac8cfe68b69cd7ef0,25352fba641d05bb743d1274d51fcc81,
surly-cyst,70c054b,branch_commit,2026-02-28T19:05:51,,Success,Dvc-task,,,,,,,,,,,,,massive_intent,small,gemma:7b-instruct-q4_K_M,llama3.3:70b-instruct-q2_K,42,bank77,small,gemma:7b-instruct-q4_K_M,llama3.3:70b-instruct-q2_K,42,"['bank77', 'clinc150', 'massive_intent', 'massive_domain', 'mtop_intent', 'mtop_domain', 'go_emotions', 'reddit', 'stackex', 'arxiv', 'few_event', 'few_nerd_nat', 'few_rel_nat', 'clinc_intent', 'clinc_domain']",07f37a3d38b35dd73c97dafa8d0f06c9,8e17ef9e16f2c71dae229251e5031dc1,3cfb446f8d26e74fc50049f5ece759ff,,,,cffc8b507b6768a8302a8c012a22ac55,,,,,,,,,,,,,,f32689d2d4df9e36473a28a64329c65b,898dbdcc5e72b9f9fb7721c7179f0a5e,90e1a0d1f11854490758d24e8eb90f63,d9d211eadc31fad1d477c1dc028bb1cb,ded7f444594a1851fa61f5c0b0353115,4aaef1a1cfbf0d8082b4c69bbfa8734d,d3c7ef559b70e51f931744abfcd33344,49fa8f05fbd971ee48e9d1e990b348d3,a9a62868c019ee3a28cfffb0f5a7c224,d2b736e2b4cecb710a93ff535efab30e,abf2fbf2ea83c0a7a38115f794e649ef,c290bc0860cb4899952d7dacef491d1f,88fba1a8f4438b63efd1665d33a05b05,1460109822b0570bb5278511169bcca8,7f8a6fb8b36e64ff3eff3081f66ecfdc,7f8a6fb8b36e64ff3eff3081f66ecfdc,619dcba700529a7b99fe2481bed35903,0806f177630a76fac9d7ef97fa1c07c7,731167a4cbfa555d0db2ee6057d193d8,0443c5ed9ca0ab8ac8cfe68b69cd7ef0,25352fba641d05bb743d1274d51fcc81,
jural-gird,b84303b,branch_commit,2026-02-28T19:03:44,,Success,Dvc-task,,,,,,,,,,,,,mtop_intent,small,gemma:7b-instruct-q4_K_M,llama3.3:70b-instruct-q2_K,42,bank77,small,gemma:7b-instruct-q4_K_M,llama3.3:70b-instruct-q2_K,42,"['bank77', 'clinc150', 'massive_intent', 'massive_domain', 'mtop_intent', 'mtop_domain', 'go_emotions', 'reddit', 'stackex', 'arxiv', 'few_event', 'few_nerd_nat', 'few_rel_nat', 'clinc_intent', 'clinc_domain']",07f37a3d38b35dd73c97dafa8d0f06c9,8e17ef9e16f2c71dae229251e5031dc1,3cfb446f8d26e74fc50049f5ece759ff,,,,cffc8b507b6768a8302a8c012a22ac55,,,,,,,,,,,,,,f32689d2d4df9e36473a28a64329c65b,898dbdcc5e72b9f9fb7721c7179f0a5e,90e1a0d1f11854490758d24e8eb90f63,d9d211eadc31fad1d477c1dc028bb1cb,ded7f444594a1851fa61f5c0b0353115,4aaef1a1cfbf0d8082b4c69bbfa8734d,d3c7ef559b70e51f931744abfcd33344,49fa8f05fbd971ee48e9d1e990b348d3,a9a62868c019ee3a28cfffb0f5a7c224,d2b736e2b4cecb710a93ff535efab30e,abf2fbf2ea83c0a7a38115f794e649ef,c290bc0860cb4899952d7dacef491d1f,88fba1a8f4438b63efd1665d33a05b05,1460109822b0570bb5278511169bcca8,7f8a6fb8b36e64ff3eff3081f66ecfdc,7f8a6fb8b36e64ff3eff3081f66ecfdc,619dcba700529a7b99fe2481bed35903,0806f177630a76fac9d7ef97fa1c07c7,731167a4cbfa555d0db2ee6057d193d8,0443c5ed9ca0ab8ac8cfe68b69cd7ef0,25352fba641d05bb743d1274d51fcc81,
fazed-tans,bc36981,branch_commit,2026-02-28T19:01:06,,Success,Dvc-task,,,,,,,,,,,,,clinc150,small,gemma:7b-instruct-q4_K_M,llama3.3:70b-instruct-q2_K,42,bank77,small,gemma:7b-instruct-q4_K_M,llama3.3:70b-instruct-q2_K,42,"['bank77', 'clinc150', 'massive_intent', 'massive_domain', 'mtop_intent', 'mtop_domain', 'go_emotions', 'reddit', 'stackex', 'arxiv', 'few_event', 'few_nerd_nat', 'few_rel_nat', 'clinc_intent', 'clinc_domain']",07f37a3d38b35dd73c97dafa8d0f06c9,8e17ef9e16f2c71dae229251e5031dc1,3cfb446f8d26e74fc50049f5ece759ff,,,,cffc8b507b6768a8302a8c012a22ac55,,,,,,,,,,,,,,f32689d2d4df9e36473a28a64329c65b,898dbdcc5e72b9f9fb7721c7179f0a5e,90e1a0d1f11854490758d24e8eb90f63,d9d211eadc31fad1d477c1dc028bb1cb,ded7f444594a1851fa61f5c0b0353115,4aaef1a1cfbf0d8082b4c69bbfa8734d,d3c7ef559b70e51f931744abfcd33344,49fa8f05fbd971ee48e9d1e990b348d3,a9a62868c019ee3a28cfffb0f5a7c224,d2b736e2b4cecb710a93ff535efab30e,abf2fbf2ea83c0a7a38115f794e649ef,c290bc0860cb4899952d7dacef491d1f,88fba1a8f4438b63efd1665d33a05b05,1460109822b0570bb5278511169bcca8,7f8a6fb8b36e64ff3eff3081f66ecfdc,7f8a6fb8b36e64ff3eff3081f66ecfdc,619dcba700529a7b99fe2481bed35903,0806f177630a76fac9d7ef97fa1c07c7,731167a4cbfa555d0db2ee6057d193d8,0443c5ed9ca0ab8ac8cfe68b69cd7ef0,25352fba641d05bb743d1274d51fcc81,
urban-snob,308c521,branch_commit,2026-02-28T18:58:53,,Success,Dvc-task,!,!,!,!,!,!,!,!,!,!,!,!,bank77,small,gemma:7b-instruct-q4_K_M,llama3.3:70b-instruct-q2_K,42,bank77,small,gemma:7b-instruct-q4_K_M,llama3.3:70b-instruct-q2_K,42,"['bank77', 'clinc150', 'massive_intent', 'massive_domain', 'mtop_intent', 'mtop_domain', 'go_emotions', 'reddit', 'stackex', 'arxiv', 'few_event', 'few_nerd_nat', 'few_rel_nat', 'clinc_intent', 'clinc_domain']",07f37a3d38b35dd73c97dafa8d0f06c9,8e17ef9e16f2c71dae229251e5031dc1,3cfb446f8d26e74fc50049f5ece759ff,,,cffc8b507b6768a8302a8c012a22ac55,cffc8b507b6768a8302a8c012a22ac55,,,,,,,,,,,,,,f32689d2d4df9e36473a28a64329c65b,898dbdcc5e72b9f9fb7721c7179f0a5e,90e1a0d1f11854490758d24e8eb90f63,d9d211eadc31fad1d477c1dc028bb1cb,ded7f444594a1851fa61f5c0b0353115,4aaef1a1cfbf0d8082b4c69bbfa8734d,d3c7ef559b70e51f931744abfcd33344,49fa8f05fbd971ee48e9d1e990b348d3,a9a62868c019ee3a28cfffb0f5a7c224,d2b736e2b4cecb710a93ff535efab30e,abf2fbf2ea83c0a7a38115f794e649ef,c290bc0860cb4899952d7dacef491d1f,88fba1a8f4438b63efd1665d33a05b05,1460109822b0570bb5278511169bcca8,7f8a6fb8b36e64ff3eff3081f66ecfdc,7f8a6fb8b36e64ff3eff3081f66ecfdc,619dcba700529a7b99fe2481bed35903,0806f177630a76fac9d7ef97fa1c07c7,731167a4cbfa555d0db2ee6057d193d8,0443c5ed9ca0ab8ac8cfe68b69cd7ef0,25352fba641d05bb743d1274d51fcc81,
blank-vans,5b8b976,branch_base,2026-02-28T18:11:24,,Success,Dvc-task,!,!,!,!,!,!,!,!,!,!,!,!,bank77,small,gemma:7b-instruct-q4_K_M,llama3.3:70b-instruct-q2_K,42,bank77,small,phi3.5:latest,llama3.3:70b-instruct-q2_K,42,"['bank77', 'clinc150', 'massive_intent', 'massive_domain', 'mtop_intent', 'mtop_domain', 'go_emotions', 'reddit', 'stackex', 'arxiv', 'few_event', 'few_nerd_nat', 'few_rel_nat', 'clinc_intent', 'clinc_domain']",07f37a3d38b35dd73c97dafa8d0f06c9,8e17ef9e16f2c71dae229251e5031dc1,3cfb446f8d26e74fc50049f5ece759ff,,,cffc8b507b6768a8302a8c012a22ac55,cffc8b507b6768a8302a8c012a22ac55,,,,,,,,,,,,,,f32689d2d4df9e36473a28a64329c65b,898dbdcc5e72b9f9fb7721c7179f0a5e,90e1a0d1f11854490758d24e8eb90f63,d9d211eadc31fad1d477c1dc028bb1cb,ded7f444594a1851fa61f5c0b0353115,4aaef1a1cfbf0d8082b4c69bbfa8734d,d3c7ef559b70e51f931744abfcd33344,49fa8f05fbd971ee48e9d1e990b348d3,a9a62868c019ee3a28cfffb0f5a7c224,d2b736e2b4cecb710a93ff535efab30e,abf2fbf2ea83c0a7a38115f794e649ef,c290bc0860cb4899952d7dacef491d1f,88fba1a8f4438b63efd1665d33a05b05,1460109822b0570bb5278511169bcca8,7f8a6fb8b36e64ff3eff3081f66ecfdc,7f8a6fb8b36e64ff3eff3081f66ecfdc,619dcba700529a7b99fe2481bed35903,0806f177630a76fac9d7ef97fa1c07c7,731167a4cbfa555d0db2ee6057d193d8,0443c5ed9ca0ab8ac8cfe68b69cd7ef0,25352fba641d05bb743d1274d51fcc81,
