text,label
Set alarm for four hours from now,14
Find me a recipe with chicken and rice,60
New South Wales weather forecast thanks,25
call Emmanuel my sibling,3
Tell Mike that Storytime at the Monrovia library starts at 10am.,0
What are the top headlines for today,18
Find my doctor's appointment reminder and move the date to Thursday the 17th.,47
local news for san diego,18
Snooze my alarm for 2 minutes.,36
Set an alarm to go off every 2 hours this afternoon.,14
turn off all the alarms,37
start a call with life partner,3
Please advise the forecast for Easter Sunday at 2pm.,25
message my sister connie that there is a poetry reading in the park on main,0
put a call through to mary,3
Create an alarm for Sunday mornings at 9am.,14
Set timer for 15 seconds,15
What's the temperature low for the day?,25
are there any new updates about sentencing of the former governor of Pennsylvania,18
get john on the call,22
Set alarm for 8 AM on Friday.,14
Show me the reminder for percussion practice for the rest of August,48
show all of my reminders for today,48
remind myself to buy tickets for the yankee game on friday,43
show me unhidden users,5
Need to see Juni's friends..,4
Confirm the weather in Sydney,25
call Cade call Clark using Whatsapp,3
Remove the reminder to study.,42
Cancel calling please,32
Set rest period for 30 seconds on my timer,15
tell me about lisa's friend sonia?,52
vote thumbs down on that song,73
set an alarm for 6pm tonight,14
what's the extended forecast for this area?,25
How is the weather in Long Island city tonight,25
What will the weather be like for the next 3 days?,25
is al or amy online,5
remind me to delete previews on Facebook this afternoon,43
how many inches of rain did it rain today,25
show me articles about Muslims,18
I want you to hang up this call from Rita.,32
What's the best flan recipe,60
Tell me all my reminders that I have for my class times,48
What time does sunset start,10
connect to Madison dane,3
What's the top story in national news?,18
Tell me the latest news from The New York Times,18
What can I do today,29
"Play the top song, ""Despacito.""",16
Tell me who works at Pizza Hut.,4
Is it going to be above 51 in degrees c for Shanghai today,25
what ingredients are in spaghetti sauce,59
who messaged me on WhatsApp,2
Give a call to Bob,3
Remind me to create a Facebook event for back to school party.,43
play me song,16
Start a new timer now,15
make an alarm for 05h60,14
Show friends of Liam's to me,4
did my friends graduate NAU,4
postpone alarm 5 minutes,36
who finished school at PU,4
Are there any upcoming reminders with dad,48
What is the temp going to be this afternoon in hawaii,25
SET MY ALARM,14
I need you to show me some other events,29
how's the weather at the beach,25
What is the temperature going to be tonight,25
Tell me of Jans availability online,5
HAS NORTH KOREA THREATENED THE U.S.A,63
What's the forecast for tomorrow in San Francisco?,25
Who lives in San Diego?,4
Delete the reminder about my dentist appointment in the morning,42
sound alarm at 835h,14
Please message Justin and let him know I'll be at his place around 4pm.,0
Do I boil the noodles for lasagna or cook them hard,59
How old is he?,57
Start a new message to Phil,0
Please tell me what my timer is set to now,11
How are things in Guam,63
arrange an alarm for 6pm,14
add 9 minutes more to my Floss timer,65
activate timer for 25 minutes,15
Play the riff-off from the Pitch Perfect soundtrack,16
Will it be over 90 today?,25
What are the networks saying about Brexit,18
Please play Country music.,16
What is my alarm for Wednesday,24
Any latest news?,18
is China helping the US with north korea,63
what is the recipe for carrot cake?,60
Mark myself unavailable.,33
Did I schedule a reminder to call Delores tonight?,48
stop my timer,9
When does the snow start tonight,25
how are the elections going in Nicaragua,63
play Boy With Luv,16
I'd like to have the number for Glen Smith please,96
How hot is it next week at Sao Paulo in degree Fahrenheit,25
get the call,44
In what year Bernice star attending Princenton?,55
"Repeat this song, please",79
What temperature is rare beef cooked to,59
can you find my friends address,27
remind me to pay the water and light bill on friday by 2,43
video call bandmates group on Wechat,3
Connect with Mum,3
tell me about Ted's friends,4
Read the top story on CNN.com,18
Please call William Mclean Ochoa,3
set reminder for jessicas birthday party,43
headline news,18
show the timer left on treadmill,11
Create alarms on Tuesdays for 3pm and 5pm.,14
Are there any lacrosse games going on in January,29
Make my work timer go off sooner.,12
I want to call my graduate students group,3
Find me news stories about Charlottesville,18
Did Tom ever get a degree in medicine?,58
please send the workgroup thread message,0
call Carson and King,3
What temperature should I cook the pizza,59
call Debby Gabourel 's boyfriend,3
Remind me to buy eggs at 5pm,43
Set a timer for a minute,15
Quit sending the message to Elsie,103
play 98.9 radio on iheartradio,16
Remind me to reschedule appointment with Sarah on Monday,43
play midnight by Dr. Dre,16
start a video call with my sister,3
Remind me to call my mom in 15 minutes.,43
shuffle the tracks please,80
do i need sunscreen for my hike in Bend today,25
Play me some rap music from Spotify,16
I'd like to add my aunt to the call now,22
salad bar ideas,60
Let's see if Grant is online right now.,5
what's in eggs benedict,59
Send a message to Fed-Ex to call me,0
Tell Uncle Gary that I will not arrive until this evening.,0
Please search for the weather from May 9 to 14 ?,25
Remove reminders for Labor Day,42
Remind me to send documents to bank for closing on the house.,43
Remind me to purchase a card for Chris' birthday party Saturday.,43
Get rid of all reminders about  the morning walking club.,42
Stop ringing now,32
What will the weather be like at Disney World today??,25
Add Amy Sister to this call,22
What is the weather like in midwest Western Australia?,25
Change my alarm to 11 p.m.,40
send Anne Taylor that video message on WhatsApp,0
Remind me about my doctor's appointment later this week.,43
I need an alarm at 6am please,14
Message Brody and find out if he has an address for Brock.,0
What is the news saying about healthcare?,18
any events tonight,29
remind me to buy water tomorrow,43
call Sarah number three,3
When did Lily attend MDC?,55
What time am I supposed to remind my husband to leave for his work?,49
Send a message to Denice asking when she’s leaving,0
when is my reminder to meet Clara for brunch?,49
Tell me more about Jeremy.,52
"How many birthdays are on August 11th, 1915?",4
Remove the reminder to feed my neighbor's cat,42
ask terry if she found my phone,0
add ten minutes to the timer please,65
What are today's entertainment headlines?,18
create an alarm for may 9th at 12,14
Is it warm in Florida in September?,25
How much hours is left on alarm,24
Set a wake up alarm for the next 2 weeks for 8am,14
repeat alarm in 20 mins,14
How many birthdays are on May 23rd?,4
what is the best way to cook a turkey for Thanks Giving,60
Is anyone online?,5
Does anyone currently live in Buffalo?,4
Fill me in on the weather conditions,25
Who are JB's friends?,4
Send a message to Cal asking what his favorite concert he's ever been to is.,0
what are my reminders for next week,48
call stepsister at school,3
Set the alarm to go off in 24 hours from now,14
Is Yusuf still working for Toyota?,53
display my messages from kid Michaela,1
Can you get more events different from this one please?,29
i want you to record a video message for my husband jess,0
get peanut butter recipe,60
give me details on Korea US situation.,18
When will this snowstorm end?,25
Remind me to make an appointment for an oil change.,43
The group meeting is at 3 pm. Can you remind me several times?,43
Tell me about Bob's family.,52
Did I set a location for my reminder about dinner on Saturday?,92
what ingredients are involved in making a cookie,59
invite mom to call,22
Can you tell me if Luci is online now,5
I have to set my alarm for every Friday this month,14
Show me vegetarian chili recipes,60
Homework reminders.,48
Create alarms for Thursday and Friday at 5pm,14
Set alarm for 6 AM,14
Set alarm to go off every 30 second for five minutes,14
What station is playing right now?,72
get events I RSVPd yes to,29
I am very busy,33
Id like to video message Brian J Baker,0
shuffle Tonight,80
can i make a cake using soda,61
Remind me to complete my Appen survey today,43
read the latest news out of the white house,18
Set timer to go off every 18 minutes,15
"Weather, Lewes, Delaware, 16th May!",25
can I freeze mac & cheese,61
Delete today's reminders.,42
Add reminder to cycle the laundry in 10 minutes.,43
How cold is it outside in fahrenheit,25
alarm quiet for 5 minutes,36
Please tell me what the weather looks like today,25
create playlist for genre,41
Message Stefanie and see if she is on her way to the movie yet.,0
what is the forecast for Orlando next week,25
Show me a recipe for bulgogi,60
Add Tood and Greg to the call with Debbie,22
Whats the rain forecast for sunday,25
Show me my reminders for my Justice class.,48
Who do I know that lives near London?,4
Tell me who works at Sunset Athletic Club,4
Has Bill Murray sent me anything via Messenger,1
i want to play a song,16
Reach mom.,3
Latest NFL news?,18
Set reminder to pick up grandma on Tuesday,43
Message my boyfriend asking if he wants to go on a weekend trip to Chicago,0
I want to add to call,22
"What is the weather in Montreal, QC?",25
Do any of my friends have December birthdays?,4
Give me the morning's top news,18
Please create a recurring alarm for 7am everyday this week,14
How about sleet today?,25
please remind me to wake up at 5am tomorrow,14
show me brendas friends,4
is jake online?,5
Who lives in new jersey,4
when is dusk in bremerton,10
Wake me up at 6am every Saturday for 4 weeks,14
not going to Hillside Bar Trivia Night,84
display weather in Shipston on Stour,25
Add Terri to the call with Dave.,22
what is the county election news,18
Set time for one minute.,15
"Replay that last song, please.",62
send the Messenger text,0
Add 10 minutes to my existing timer.,65
Remind me to meet my friends from the school's PTO for lunch tomorrow,43
What's the outlook for the first day of the school summer holidays?,25
Do you have George's email?,96
Who won the last presidential election in the US,63
call my Whatsapp contact Julius Reed,3
Cancel my reminders,42
start playing Views,16
Is it above 56 in degrees Fahrenheit here,25
set an alarm for monday at 10 am,14
How many calories in a Big Mac,59
Tell me the weather forecast for Europe.,25
Set an alarm for 4 p.m.,14
who is ava,52
Start recording for a video message to Teofila Worden,0
Friends of Nate,4
Play God's Plan,16
Cancel all alarms that I have set.,38
can you send it to Judith on WhatsApp,0
Check status of Susan.,5
I want to listen to Journey's last album.,16
where does Terrance currently work,53
can you reschedule all my house reminders,93
I need to call Dad right now,3
switch off my alarm,37
Do I need a hood to go outside?,25
Hold current call please,88
turn on my availability,45
Set a timer for soft boiled eggs,15
what peas is used for rice and peas,59
how many calories in a piece of pecan pie,59
remind me to update my computer,43
"message Bill, Kirk and Terry something that says happy birthday",0
Place a call with exbox team,3
What time will it get hot tomorrow?,25
Has funko group sent me anything,1
Reset all of my timers back to one minute,74
"i would like to message that video to Harvey, Raul, and Jerry Ward",0
Create alarm for 7pm and 8pm,14
Set a reminder to bring the dog to the vet next Monday first thing in the morning,43
Resume the timer in 3 minutes,13
Please show me what's the weather like tomorrow evening,25
play All of Me by John Legend,16
show how many time nancy called me on sunday,35
call journalist,3
will there be hail?,25
Change my reminder for Zumba class tonight from 6:30pm to 5:30pm.,47
las vegas shows,29
What are we expecting weather wise for this evening?,25
grab my video messages from wife Margot,1
Can you send that video to Jamie?,0
call with Sustainability,3
try giving a call to Nancy Austin,3
Music events in Minneapolis,29
i would like to message my siblings,0
Set up a reminder for Ashley to call her mother tomorrow night.,43
How is the weather tonight?,25
when is it supposed to rain again,25
Remind me to take an extra credit survey,43
Please call Eric Gonzalez Clark,3
can I please add to this call?,22
What ingredients are in rhubarb pie,59
i need to talk to my dad please call him right now,3
Set an alarm for my sons Boy Scout meeting every Monday,14
How much time is left on my timer.,11
I want to talk to smith,3
What is the easiest stir fry to make?,60
show me my past events,29
ask cousin Tony what where and when will his open mic event take place,0
Show me friends of Sally that I am also friends with,101
please remove all my reminder,42
Delete the workout timer.,75
Set my alarm to get me up at 5 am,14
I don't want to call after all,32
Make an alarm for thirteen weeks on Fridays at 10:00 am.,14
Call Samuel for me,3
Fast forward to the chorus.,82
Can you set an reminder to order a vegetable tray from Wegman's on Wednesday at 11:00,43
remove chira from the call,22
get me messages from dad Dahlia,1
I want to see the weather in Australia,25
show me all articles regarding climate change,18
What's the temperature outside,25
Remind me to charge the battery for the drill Monday,43
Recommend some music events happening on Easter in Rota Island,29
call with Vegetarian cooking on Hangouts,3
I need a reminder for this afternoon to buy birthday cards,43
Send a message to my brother John that we will be in Vegas on the 9th.,0
Delete all reminders for this Wednesday.,42
What is latest news about Korea,18
"Establish a alarm for June 2nd, please.",14
I need a reminder to work at 10: am next Saturday,43
call Lucas,3
Drop Abril Ellison from this call,22
How cold will it get tonight?,25
Create an exercise alarm tomorrow at noon,14
reply to the cake thread with text,0
Do I know anyone who lives in florida?,4
Temperature dehli today fahrenheit,25
who is sarah's friend misty,4
Who do I know that stays in San Diego?,4
how do you roast asparagus,59
the hottest news of lakers,18
Send a message to mom that I will call on my next stop,0
Create an alarm reminder to ring the hairdressers for tomorrow at 4pm,14
would you text Tony and Mark,0
Play some jazz music,16
How many calories in a pork chop,59
Message is everyone going to the club?,0
I want to set an alarm for tomorrow morning.,14
what are some ways to cook chicken in the crock pot,60
Whats happening in Atlanta this weekend,29
Change the reminder for the recycling pick up to the night before,47
Set alarm for 6:00 pm tonight,14
call Dylan 's auntie,3
Is the temperature going to do down in the 30's tonight?,25
Message mama saying I'll be 15 minutes late,0
I'd like to call Mason Malik Morrow,3
can you start two timers please,15
Set an alarm for tomorrow at 8am,14
Send everyone with a birthday today a happy birthday message,0
remind me that I have a doctor's appointment Tuesday at 9 am,43
Remind me to answer Carla’s email to let her know I can’t attend her luncheon,43
"Ok, ok, I'm up",37
open Pandora and play Cloud Nine on shuffle,80
Houston news headlines.,18
Do not answer this call.,51
Add a new timer,15
Please restart my timer,74
Will there be scattered showers today?,25
tell me the weather in rome,25
Message Joe to say I will be there in an hour,0
Add two minutes to timer,65
Start the Sleep playlist from the beginning.,79
is it too cold for shorts,25
Give me details about Usher's disease.,18
What's the weather like in Stourbridge West Midlands,25
What's the weather going to be at 4pm?,25
repeat track 5,79
What's the highest temperature today?,25
How can I make my own ice cream,60
Set a reminder for 8 a.m. tomorrow.,43
get events I'm interested in,29
music from the 60s,16
Play Friends in Low Places on repeat,70
What's the latest news on O.J. Simpson?,18
what ingredients are in a filipino pork adobo,59
I am open and available,45
Can you get some more events similar to this please?,29
Remind me to set up an appointment with the PT department.,43
What time was the last call?,34
subtract 30 seconds from my timer,12
play track 3 on look what the cat dragged in by poison,16
Kindly remove all reminders for client lunch meetings next week,42
what are the ingredients in chicken noodle soup,59
What did Dave's message from this morning say?,1
phone Sadie Bean's partner,3
Show all reminders for Saturday.,48
message dave to pickup my prescription,0
Is a tablespoon more than a teaspoon,61
What ingredients are in chicken alfredo,59
Whats the weather like at 10 in the morning?,25
interested in going to An Evening with Debra Messing,6
Please erase the reminder I had to do dishes at 4,42
Ten minutes have alarm go off,14
Read me Sunday's paper headline,18
Swap over to video chat.,46
Give me a reminder for house closing at 10am tomorrow.,43
how many hours until the alarm?,24
What are Italian recipes,60
what's the latest news in my area,18
set alarm for 4:30 pm,14
How is the weather in Jacksonville,25
lowest temperature today,25
How are Charlie Gard's parents doing?,63
I want to listen to Enrique Iglesias' latest album,16
How long did Lu go to UofA?,55
do I need a jacket for tonight?,25
how cold will it be today,25
what was regan's past employer?,53
Stop alarm for 20 minutes,36
Send my daughter a message,0
Friends of Mira,4
what was the breaking news tonight?,18
cancel all alarms and reminders,42
How much milk do I need for eggs,59
Label me as unavailable,33
Remind me to call my mom at 8pm tonight instead of at 7pm.,47
Please start playing Pandora app now,16
Who sang that last song?,72
Will it be raining at 4 pm,25
Create a reminder a party at 6 o clock Pacific time,43
Who is singing backup in this song?,72
Please give me a list of healthy kid-friendly meals,60
Tell me how much milk I need for creamy tomato soup,59
I need a blueberry Dutch baby recipe,60
talk to Ezra with WhatsApp,3
Show me recent CBS news update,18
add my sons to the call,22
What's the temperature,25
Does Miguel is still living in Arkansas,27
Make repeating alarm for 7am everyday,14
Is anyone available,5
how many timers did i set so far,11
please reschedule my kombucha reminders from am to pm,47
WhatsApp call to George,3
Please wake me at 7am.,14
I don't want Rudy in this call.,22
Add get ticket to Lollapalooza in July to my reminders.,43
Events in Plano next month,29
How do I make pork tenderloin,60
"Bot, call Nikki and add her to this call",22
can you show me all of my reminders with greg,48
How hot is it going to be in Phoenix tomorrow,25
Set up a reminder for Zoom chat at 9 am.,43
dial Garrett right away,3
Go back two tracks,79
I need an alarm for 6am on Tuesday,14
can you change this call to video call,31
will the temp be higher than 70 degrees today,25
Who is my Saturday lunch reminder with,48
What is in falafel,59
Remind me to follow up with Stacie about her training time at 5pm.,43
Add reminder to send flowers to grandmother next week for birthday,43
add 5 minutes to time out timer,65
How cold is it in Seattle today in celsius,25
let me see the timer,11
please call aunt,3
Is there anything interesting to do tomorrow,29
remind me to play soccer,43
Exactly what rime was the conference call?,34
Where does Kenneth Jr work?,53
What are the updated news headlines?,18
Forecast for tomorrow in Brisbane.,25
Temperature for Seattle tonight F,25
"what can I cook with chicken, spinach and lime juice",60
"Want is there to do in Boston, MA tomorrow",29
add stepchildren,22
Give me an alarm to get dressed,14
Set an alarm for tonight.,14
Let's place a call to Jane Austin Juthey,3
what time did Olly video call me?,34
Stop being a video call.,31
Any news about our recent earthquakes,18
Can you stop the call please.,32
can you write hello over and over again to mike until he answers,0
Help me remember to take my pills tonight.,43
tun my work alarm on,14
is it nice outside,25
what are my reminders for study group this week,48
Please dismiss the incoming call.,51
What's the name of the song that's playing now?,72
Play the latest song by Tory Lanez.,16
Start a call to Kayleigh,3
Send a message to my sisters to let them know that we should meet in New York next Saturday,0
"Show me, my friends list.",4
How much more time is left?,11
What is weather in El Dorado Hills,25
How many calories are there in a slice of cheese cake,59
Get me a news update,18
What are the CNN headlines?,18
ask julie if she can give me a ride to the airport on june 30th at 11 am,0
Raleigh news this week?,18
Whats the latest news with North Korea?,18
Play me some Chopin.,16
Make a recurring alarm that goes off on Fridays at 10am for the next 3 weeks,14
how many eggs are needed to make crepe,59
How much time before my alarm goes off?,24
send a video to Charlie,0
Snooze work alarm.,36
Wake me up every Monday and Tuesday at 5am,14
Has Gael messaged me today?,1
List the ingredients of spaghetti sauce,59
What is the weather on Mount Kilimanjaro at this moment?,25
Where is John from?,27
How many calories are in a slice of cherry pie,59
Recommend me some events in Grand Rapids happening in February,29
how much time is left on this timer,11
Tell me more about Will,52
What do I need for homemade pizza dough,59
see if pauline wants to attend my thanksgiving get together,0
Play me a little Guns N Roses.,16
I would like to speak to Deanne Pabey,3
call camille's mobile number,3
Did I miss any calls in the past hour?,35
Remind me to buy flowers for my mom,43
set a practice test taking timer for 90 minutes,15
get me texts from friend Raelynn,1
"I want to listen to Karaoke music, please.",16
call Kara Parker for me,3
How many millimetres of rain will come down tomorrow,25
pause current timer,9
Call Mitch again,3
Create an alarm to go off Monday morning at 9am.,14
i want to see my texts from my daughter,1
current world headlines,18
Play all Garth Brook's music.,16
Is Maya still offline?,5
Will it storm on Saturday?,25
When is my reminder for picking up donuts for work?,49
can I message a video message,0
Do I have friends in Mississippi?,4
How do you make a perfect omelet,60
play music on the speaker,16
Tell me about the weather today.,25
let me see friends application,4
I am trying to find out of any of my friends graduated from SFSU,4
will it be raining when I arrive at 6pm,25
Remind me to pay for my flower order tomorrow morning.,43
message courtney and ask her if she can make cupcakes for my daughters party,0
please call Vanessa Summers right away,3
Make a video message to send to Dad.,0
What's the low today in New York?,25
call Johnny on video in Whatsapp,3
Can you give me details around the passing of the immigration bill,18
Set a timer for 20 minutes.,15
Find the names of people who graduated from Georgia College in 1977.,4
Set the reminder for Plush Horse 6pm Sunday,43
What color is bacon supposed to be cooked,59
What's happening in Wadsworth tomorrow evening,29
Temperature next week f,25
How hot is it going to be at 3pm,25
add 12 minutes to lap timer,65
Dial a group,3
audio call with CrossFit on Hangouts,3
Set alarm for 6am tomorrow,14
play Tonight on pandora,16
call Nayeli 's daughter,3
Can you get Percy's twitter?,96
Create a new station.,41
Phone Helen,3
alarm 5 minutes before time ends,14
What is on the news about California wildfires?,18
Can you set the timer to go off in 24 hours,15
Remind me to pay the car insurance by the 15th.,43
Delete my reminder about Sunday's breakfast with Maralyse.,42
Schedule wake up alarm for 0530,14
Remind me to mail dad's card,43
Play playlist Night,16
list the people that are available,5
send a video message please,0
what are you playing on Spotify right now,72
"Initiate a call with Henry, Brody, and Emmanuel on Line",3
give me a new alarm for 4h00,14
remind me to pick up moms medication on monday,43
Can you please record video message for Brunilda Funderburg,0
What is the heat index for today?,25
please call my son,3
Tell me Crys' address,27
make a whatsapp call to papa,3
When did Mike graduate?,108
Set an alarm for breakfast at 7,14
Make recurring alarms for Friday at 10am and 10:30am,14
Is molasses vegan,61
I need a recipe for chicken fried steak,60
Ring Caroline,3
send it to Dexter Gurney,0
Do I need to take an umbrella with me today?,25
What is the highs for Orlando today,25
send a message to japanese meet group that says happy new years,0
I want to listen to Moroccan music,16
what happen in current news?,18
Set timer to bake for 30 minutes.,15
Can you remind me to take the pizza out of the freezer at 5 pm?,43
Does Joe  live in Puxico?,27
Reduce my timer by 10 minutes,12
When does Bands on the Bayfront start?,28
News about Russia,18
Show Velda Grannies birthdays to me,4
call Vanessa 's granddaughter,3
Set alarm for 8am,14
message tim that the rock concert is in a week,0
Set a reminder,43
Remove the reminder for the holiday party at 5:30 p.m.,42
Should I stay in or go outside,25
please tell me how much time is left on my timer,11
show who can talk,5
How hot is it this weekend outside in degrees fahrenheit,25
Add 20 minutes to countdown,65
Is it above 10 in Celsius out there,25
answer incoming video call,44
Take away 10 seconds from timer,12
play the Ne-Yo,16
Are tomatoes fruits,61
Will it rain on Saturday afternoon,25
Set an alarm for tomorrow morning at 6 am,14
Message mom and tell her she needs to be at Sarah's party at six,0
Weather for Sunday please.,25
how do i make punch,60
Add the dog's medicine to my list of chore reminders.,50
"Please set an alarm for 8am every day for the next two weeks, then not again for a month.",14
change wake up alarm to 6am on Thursday morning,40
Temperature today in Shanghai Fahrenheit,25
show me my messages from my cousin,1
When is the solar eclipse,63
Will Oregon be cold in September?,25
MSNBC news updates,18
Update me the Victoria weather,25
I like shopping,26
please stop call with spouse,32
call Joseph two,3
What is today's biggest international news story?,18
What ingredients are in chicken cacciatore,59
remind me to add luggage tags to the suitcases,43
Read me the top news in Baltimore,18
How do I make Marinara sauce,60
Find my friend that lives on Taraval street,4
Play I heard they suck live by NOFX,16
Remind me to take the laundry out in 45 minutes,43
End the current video call.,32
respond to Camilla with a video,0
play cardi b,16
play the track Project Dreams,16
please use iheartradio for my music,17
when did my friends go to ASU?,55
10 minutes on the timer please,15
Message Tyson and ask him for directions to his office in Colleyville,0
Set an alarm for 9pm tomorrow,14
How can I make potato chips in an air fryer,60
tell me some asian duck recipes,60
I need a reminder to put my work times that I write in Central Time to change to Pacific Time,43
Tell me Katie's friends.,4
Play only anthems,16
Can you remind us to go to lunch on Saturday,43
how long on microwave timer,11
Political Events Friday Night,29
Remind me to tell the kid's to pack swimsuits for the trip next week.,43
Tell me current events,18
Can you check to see who is calling me now,89
Text Amanda I'm on the way,0
set a reminder  tomorrow for jodie to call karen about a ride to the pool on saturday,43
list of my friends,4
Set up a reminder to FaceTime grandma tomorrow morning.,43
Should I bring my umbrella?,25
Set a timer for 3 PM,15
Set a reminder for Melanie to call her aunt next Thursday.,43
Recent news about Hilary Clinton,18
Set alarm every minute for 6 minutes.,14
show me all my friends birthdays that are on this Saturday,4
Will it snow before 8am?,25
Who do I know who lives in Charolette,4
Any recent news about Hilary Clinton,18
play the boston globe live news,18
Play some Kenny Chesney,16
reminder me to pick up my son from practice on Tuesday at 6,43
WHen did Nic attend Columbia?,55
How many reminders for dinner are set for the next month?,90
How many peppers go in beef pepper steak,59
call the second one,3
Temperature inside tomorrow F,25
List of employees at Key Bank please,4
How long do you hard boil eggs for,59
How many people were injured during the Charlottesville rally?,63
I need to call Dave,3
Has sorority group sent me anything,1
Play songs by Britney Spears.,16
Where is Randy's work?,27
show me video messages from my sibling,1
Play dance music,16
call Raegan 's mom,3
Play last track of the album,16
Get me out of bed alarm set for 10am,14
Have Kim taken off the group call,22
Remind me to pick up some chlorine for he pool tomorrow morning.,43
Ask the groomer when she's available for a nail trim for the dog,0
what was the most popular song last summer,68
What is the weather like in Ireland.,25
Update birthday party prep reminder to September 12th.,47
radar for el paso at 3pm,25
set an alarm for 1105,14
How do you make a grilled cheese,60
Set a reminder to buy potluck food on Wednesday.,43
cancel my workout reminder,42
How many days has trump been on vacation?,63
Reminder for vacation,43
"Remind me to tell Gabbie I changed the date to Tuesday, not Thursday for our trip",43
"Wednesday's meeting was cancelled, delete the reminder.",42
update my timer called drink water,19
Delete my reminder to buy milk.,42
End the call with Teresa.,32
Find a recipe for cabbage rolls,60
what's the latest news on North Korea?,18
Remind me to move my car across the street tomorrow morning.,43
Do I have any friends that used to live in New Mexico?,4
what are the top headlines this week,18
Put The System's Don't Disturb This Groove on repeat.,79
what's the latest song from NeYo,68
skip the first song of the album,69
Shuffle all my music library and play,80
Remind Kal about Jazz Fest on Saturday in IL.,43
send the close buddy thread text,0
Share the weather forecast on Wednesday,25
set a reminder for saturday,43
What is the best way to sift ingredients without a sifter,59
skip this timer and start a new one,75
what's the weather for this weekend,25
Whats the weather going to do on Saturday?,25
call Jackson Miranda now,3
what's happening,29
add alarm wednesday 4:45 am,14
How much time is left until my alarm goes off?,24
Provide me the news about the Oakland fire last year.,18
Remind me to send my teacher my homework before 5 pm.,43
should I cover my plants,25
Show my dad's friends,4
How long should I cook baked chicken,59
Please read me today's local headlines,18
Contact Rae,3
Remind me one day before my haircut appointment,43
Play the Trolls soundtrack,16
Get me all the reminders for this week's dates with Zach.,48
What time should I set the chicken for,59
play the band The 1975,16
set me available,45
make this timer longer by 2 minutes,65
Delete all of my reminders.,42
Play Run The Jewels,16
replay all of today's songs,79
play my Jacques station,16
please set a reminder for dinner with jessica on saturday night at 9pm,43
send a vide message to the bff chat,0
try calling Tucker Spence with Messenger,3
Homemade pizza recipes,60
Find a pizza dough recipe,60
have my alarm go off in an hour,14
are there any recent news headlines about donald trump,18
Call Antigua Cafe on Taraval St in SF,3
listen to maroon 5 Pandora,16
show me all the vegan and gluten free recipes,60
Set alarm for work,14
call Katie 's cousin,3
play the musician Lana Del Rey,16
send a vide message to the motorcycle chat,0
How do I double this recipe,59
Can you remind me to call Dylan to confirm the details for date night this weekend?,43
what's going on in the news?,18
Who works for AT&T?,4
id like to hear some trap music,16
I want to know who works for Sonic,4
get me the Wednesday weather report for half moon bay,25
Message Amy that I can make the 8:30 am appt Saturday June 30th,0
tell me the latest news,18
How hot will it be this weekend,25
At what temperature is quail cooked at,59
can you show me more concerts,29
How do you make mayonnaise,60
Can you show me events I RSVPd yes to?,29
grab my messages from auntie Zion,1
could you call Emery's kid Bryson,3
Start a video call with Phil.,3
Switch the call right now,46
Recent news about north korea,18
How cold does it get in Detroit ?,25
call tom,3
Is there rain in todays forecast,25
Is there any events in Melbourne tomorrow,29
Does he live in the US?,27
"Play ""I Like Me Better"" by the Logic",16
What is bulletproof coffee,59
what's the countdown on the timer,11
Did I set a reminder for October 6 doctor appointment,48
make timer longer by 1628 seconds,65
What time is dusk on February 6th,10
What music events are happening tomorrow in Syracuse,29
call the fourth Melissa,3
Show me messages from Beth via Messenger,1
Best song of carlos vives.,16
send it to Sabina Boster,0
Can you ring Cade,3
Did any of my friends go to Daytona State College?,4
Please list me as available,45
Can you play Rihanna?,16
How hot will it be?,25
Is Kim online?,5
video chat Destinee and Ayanna for me,3
Whats the weather going to be like today near me?,25
I would like to be awoken at noon please,14
when did mary graduate?,55
What are the details on the Virginia car crash?,18
"I need to text Macy at 3 pm to see if she wants to go to dinner tonight, remind me.",43
what is the climate in Hawaii,25
i want to call lisa please,3
Are there any current storms in Oregon state?,25
Make an alarm called bedtime for tomorrow,14
How to make a chicken salad sandwich,60
Sporting events happening tomorrow in Austin,29
What ingredients do I need to make shrimp scampi,59
please wake me up at 6am,14
Anything cool happening in Tampa tonight,29
What is the latest update on NASA's expeditions?,18
Find me a recipe for cobbler,60
start a call with boyfriend,3
wake me up at 8 and 830 tomorrow morning,14
Make me an alarm.,14
Set my timer for 1 minute and 30 seconds,15
show me video messages from my grandma,1
Send a message to my cousin Tran,0
Set alarm for 10 am on Wednesday,14
interested in going to Insurgent Empire Book Launch,6
video message Kendra,0
i'd like to touch base with Gregory,3
How many years did it take for Corey to get his degree from Armstrong?,55
how much time left on alarm,24
Answer any calls from my stepfathers,44
what reminder do I have later today at 5pm?,48
try to call Pierre Logan,3
I want you to set an alarm for me at 8pm,14
Remind me to finish finance homework at 6pm,43
play Thotiana on iHeartRadio,16
Who works at Wegmans,4
start a recurring alarm for Tuesdays and Wednesdays,14
how long should i cook the steak to get it medium,59
Play me some rock music,16
Is there a volleyball match over the weekend,29
get my events please,29
Show that I am free,45
Give me a 10 day weather forecast.,25
Temperature dublin C,25
remind me to pick up the relay for life donations this week,43
Read headlines for United States news.,18
let me see messages from my grandmother Marilyn,1
Play Jhene Aiko.,16
Did anyone I know attend graduate school in new york,4
which timers are going,11
Are there any cool events today,29
How do i make pita bread,60
Let Marlene know that traffic is backed up on I-4 and to take a different route.,0
tell me world news that is trending,18
Ring Dave,3
Remind me to pay tution,43
give me some elevator music,16
Phone Sue.,3
Ask Juan about when he starts his new job.,0
Delete my reminders for today.,42
Switch calls real quick.,46
make a timer for 10 seconds named ramen,15
what is the current barometric pressure,25
Is fish high in protein,61
Snooze alarm for 5 more minutes,36
"Things to do in Buffalo, NY next week",29
i would like to message Anna that Facebook text,0
Send a message to Allen asking if he can pick me up tomorrow,0
"I know we are expecting a lot of rain, any flood warnings for the county?",25
How will the weather be in Sydney on the morning of the 10th June?,25
respond to Donovan with a video,0
Temperature at Houston tomorrow Celsius,25
How many degrees Celsius is it?,25
Is there new news about Justin Bieber and Selena Gomez getting back together?,18
Tell me the calorie count for home made ice cream please,59
Set up a reminder to send Elsa an invitation to my party tomorrow.,43
set alarms for Thursdays at 5am and 5pm for 6 weeks,14
please call nick,3
Ingredients for homemade chicken noodle soup,59
send Isaac the video message on WhatsApp,0
music festivals in las vegas 2018,29
put on the Kendrick Lamar playlist with Spotify,16
what temperature do i cook chicken,59
can you send the message to my family,0
How cold is it in London right now?,25
alert me 15 minutes before it is time to meet with karen,43
Can you remind me to apply for college on Monday?,43
Message Sophie and tell her that I love her,0
Shuffle,80
Play my Spotify mix,16
get remaining time on thaw turkey timer,11
try giving call to Marina Brandon,3
Do I know anyone who lives in northern CA?,4
How much longer on this countdown?,11
Create an alarm for June 5th at midnight,14
Can you tell me next weeks forecast?,25
Display all reminders for the Eastern time zone that are about John's business now.,48
Remove Harry from current call,22
I need an alarm set for Friday at 7an and 1pm.,14
Any breaking news today?,18
Is there any news on the construction work?,18
play slow dancing in a burning room by john mayer,16
Message Matt and ask when his flight is departing,0
Which of Payant girlfriends were born on the 30th?,4
Music festivals this month in Tampa Bay,29
Ask Laura when we should arrive for the conference and where to meet.,0
show the next two alarms,24
SET ALARM FOR 6 AM FOR WEEKDAYS,14
please send that video to the church group,0
Repeat the last Luther Vandross song.,62
call Alexandria Velazquez's husband Noelle,3
go to my Enya station please,16
Do I need to carry an umbrella with me?,25
pull up all my reminder for doctor appointment,48
Fox news headlines currently,18
High and low temps please,25
leave and pick up new call,46
Read me the details about election coverage,18
make an alarm for 1h35,14
What is Canada expecting weather wise,25
Has Raelynn messaged me today?,1
Remind me to take the dog to the groomers on Friday.,43
Which of my friends live in Mexico?,4
bananas foster ingredients,59
Can i have the forecast for this week?,25
anything exciting to do in sarasota tonight,29
Forcast for Isle of Mann this weekend.,25
Who works for target employer?,4
How much time until my alarm goes off?,24
call Los Angeles group on Wechat,3
Wake me up on Tuesdays at 5am and 3pm,14
Take 5 minutes off of my timer.,12
Any new news about the Russia story?,18
Did anyone I know go to Yale?,4
Cancel my reminder to shave my legs,42
Add 30 more minutes to the cooking timer.,65
send it to Stephanie Conrad Escobar,0
best chicken noodle soup recipe,60
Temperature in Paris currently please,25
Cancel my reminder to buy a birthday present for my aunt.,42
what's the low today?,25
Pull Toni into this call,22
Delete the reminder about Logan's party for this weekend,42
Clear all timers,75
Please show reminders to attend Katy's concert for her upcoming tours in Dallas.,48
Can you tell me how much rain is expected tonight?,25
Delete the reminder to cancel my direct tv.,42
how long does it take to bake an apple pie,59
Make a 6pm alarm,14
Fill me in on the latest local trial updates,18
I'd like to reset my alarm.,37
play on point live,18
I need to know my friends who live in Nevada,4
Stop song,81
Stop the music for ten minutes,81
what are the high/lows tomorrow,25
Is it going to snow tomorrow?,25
What parties are in Miami tonight,29
what is timer set for,11
set a reminder to watch big brother,43
Begin video chat with Tanner and Kathleen Miranda on Skype,3
When does the County fair open in Barren county,29
can i get a news update?,18
Please play me some R&B music,16
Are there any football matches happening soon,29
Does this recipe have dairy,61
please make this timer longer by three hours,65
Remind me to cancel my alarm afterwards,43
Create an alarm for tomorrow at 5 AM,14
best recipe for scramble eggs,60
pause the timer please,9
cancel my existing timer,75
set a 30 second timer,15
call Archer Garcia and Alyssa Brown,3
call Carlos Booker instead,3
audio call wedding planner please,3
whom do i know from San Francisco?,4
Remind me to see the new Avengers movie on opening day.,43
What's the top story on the New York Times,18
Make default music application google play music,17
"What's happening in Boston, MA tonight",29
Show me the alarms set for Monday.,24
Remind me to make a video of my family for our upcoming family reunion,43
Will today be a cloudy day?,25
can you please send text to the drama nerds group,0
send it to Sherell Grotzinger,0
remind me to go through my email box this weekend,43
Remind me to send a message to Jill about her project today.,43
how many hours until my alarm goes off,24
Call stepfather,3
set an alarm for 11 months please,14
Set 2 minute pregnancy test timer,15
Does Allie have any vet appointment reminders for the next 3 months?,48
Change my alarm to 5am,40
Change my doctor's appointment alert to 45 minutes before,47
What is friend of Ali?,4
How do I set a timer,15
Set up an alarm for Tuesdays at 9am,14
Find me Philippino recipes,60
i want to phone call 555-3813,3
What day will oj Simpson be released from jail,63
what is the recent news about trumps son eric,18
What languages does Penelope Cruz speak?,109
What will be the weather on labour day?,25
remind me to pick up snacks,43
change my status to maybe for Gardening for Biodiversity in a Climate Crisis,6
Message Jacky asking him to come over,0
Is it going to be below 40 in degree C around Karachi tomorrow morning,25
Turn on timer.,15
is there any news on Mike Pence tonight,18
Any science related news,18
Do i have any reminders set up for next Saturday night,48
i would like to message that video to the woodworking facebook friends chat,0
Add 3 minutes to the timer,65
Delete the alarm for this afternoon,38
Report the outside temperature in Celsius,25
I need the forecast for next week ?,25
set my status as not going for this event,84
how many calories are in a chocolate cake,59
Do I have a noon ET reminder set for Friday?,48
What were the major headlines this week?,18
How long do you have to cook a 12-pound turkey,59
How long should I cook my bacon,59
Put my no cussing timer on hold for now.,9
I want to hear some Dr. Dre.,16
dont answer the phone,51
play selena gomez's most famous song,16
Add a reminder for game on Thursday at 2pm.,43
I want to see all alarms I currently have set.,24
How long until the buzzer goes off,11
show message,1
Can I get an alarm for 8am?,14
"Jan is your party at your apartment on the 3rd floor, does the apartment have an elevator?",0
Change channel,16
Find gluten free recipes,60
"I don't like this song, skip it.",69
set my status as maybe for the second event,6
What is the three day forecast?,25
Phone call my dad,3
Leave call and switch now,46
Remind me of my flight time at 11:45 AM Tuesday,43
Set,15
I want to be visible now,45
Tell me who's on today,5
what is the nutrition content in whole milk,59
Ask Jordan to come over on my birthday,0
Tell my husband to pick up my favorite food from this direction...,0
"Get my video messages from Leroy, Alex and Anna",1
give me news update from DC,18
I need a recipe for steak,60
display my cookies timer,11
set a reminder for the office meeting next week,43
Cancel all of today's reminders.,42
Who is Ryan's roommate Jonathon?,4
Any recent news about the Philippines,18
what is the forecast for next weekend,25
Taylor's address?,27
what are the things to do in LA next weekend,29
rsvp no to the third event,84
let me take this video call with amy,44
SET ALARM FOR 7AM SATURDAY.,14
what ingredients do I need for lemon pound cake,59
call Ying Sperandio 's uncle,3
Any news on the health care bill?,18
show me some interesting shows tomorrow's night,29
What temp should i cook ham on,59
Who has a birthday is this month?,4
Is it going to rain around noon on Saturday?,25
What is the political news for today?,18
Show me my reminder to buy milk for the kids before I go home.,48
Take Sophie out of this call,22
Set an alarm for 20 minutes from now.,14
is it sunny,25
Tell me about the weather in North America.,25
who works at Barnes and Noble in NC,4
retrieve my text messages on Messenger,1
I want to get jog for 30 minutes and I want you to set the timer for it.,15
call Day and Holt,3
Set alarm to go off every Monday at noon,14
Remind me to start getting ready for the meeting at 3 pm today,43
Don't forget to remind me to feed the dog at 4PM.,43
How old is my mom?,57
set a reminder that football practice starts back up on monday at 3pm,43
Change the reminder for the Farmers Market on Saturday from 11am to 7am.,47
Let me listen to Selena Gomez' new album,16
iheartradio as my default music provider,17
what's on the radar for today,25
What's the latest tech headlines,18
Set an alarm for tomorrow at 5am,14
I want to make soft and chewy chocolate chip cookies,60
When did Angela start her current job?,54
Reset cooking time to beginning,74
how to make vegan meatballs,60
Where does Carla live?,27
turn alarms off,37
call with Quilting,3
Make a get ready alarm for 6pm,14
Timer for 10 minutes,15
Remind me that dad is coming over to look at a/c unit.,43
play contemporary country,16
Weather forecast for next weekend please.,25
going to Dinosaur Jr.,7
play bruno mars radio,16
Who is Sally?,52
has michelle always worked for amazon?,53
what is business news from germany,18
Give me the news updates,18
how long do i bake corn casserole,59
Change my street sweeping reminder for 10am.,47
Send a message to my Mom asking what time she's coming over.,0
Set a reminder to watch Live PD.,43
remind me to pick up groceries this afternoon,43
Tell me what the weather is doing on the weekend.,25
will it get wet today,25
message a video to Ruth Gilmore,0
Text Josh to let him know I'm bringing potato salad to his party next weekend.,0
Set a timer for 40 seconds.,15
Show all Tiny Feno aunties upcoming birthdays,4
Can I set my music app as deezer,17
Anything fun to do tomorrow evening,29
Symphony performances in Memphis in February,29
What are the details of yesterday's car chase that was in the news,18
Please play me some country music,16
What's today's headlines?,18
Is my mommy online?,5
"I'd like to call with my cousins Justine, Jakob, Alejandro, and Johnathan on Hangouts",3
Set a reminder to take Anthony to soccer training on Monday at 6:00pm,43
Create alarm for 9:30,14
What the percentage of rain for Wednesday night?,25
Remind me to call my mom tomorrow for her birthday,43
Temperature next week around Shanghai C,25
please find the top greek recipes out there that include olives,60
Is anyone not busy,5
"please remind me to finish the take home test prior to 6pm, otherwise I will fail",43
Donald Trump in France news,18
i would like to message the message to the best friend sally and john chat,0
how long does it take to get a rolling boil,59
Where in South Carolina does Sarah work?,27
How many eggs are required to bake a cake,59
Add 10 mins to timer.,65
send a video to Mckinley,0
Best Broadway shows in New York,29
talk to Amy via WhatsApp,3
Invite Mom to this call,22
any events this month,29
Are there peanuts in pad thai,61
Start a video call with my Christian group,3
What is the fastest way to chop an onion,59
What are the reminders for Sunday?,48
has anyone messaged me in the last hour,1
Add 30 seconds to the alarm.,40
"start a call with Karla, Jarod, Nadia and Bradley on Whatsapp",3
remind me in 45 minutes,43
Read me the details of the police report on the robbery in north Minneapolis,18
When is our next chance for rain?,25
What's going on in Birmingham this weekend,29
Alert my alarm at 12pm,14
What was my missed call from yesterday?,35
call Adriel through whatsapp,3
set the alarm now,14
how many news stories about home invasions were there in my area s this week,18
hang up on sean,32
remind Brian to leave at 4 and send him an alert 10 minutes before.,43
How long to leave pasta dry,59
stick to iheartradio as my default,17
remind me to check appointment log for baby,43
does anyone have a birthday celebration this week,29
Will it be over 100 degrees in Sacramento tomorrow,25
What is the weather on March 17th in Ica,25
Do you have any more musical concerts,29
send a message to french meet thread that says talk to you later,0
"Play the album Thank You, Happy Birthday by Cage the Elephant.",16
kindly remind me yesterday's forecast,25
When is the timer ending?,11
Do I have a reminder for yoga class next week?,48
Who do I know that is online now?,5
what news did I miss yesterday,18
Add mom to current call,22
Can you remove the reminder for Michelle's birthday party next week?,42
How many apples do I need for this apple pie recipe,59
Tonights local crime news,18
What is the cause of Venezuela's current unrest,63
Create a new alarm for 8:30 pm please,14
Add girlfriend to phonecall,22
create alarms for 1pm Monday and 2pm Friday,14
set timer for 5 minutes and pause after first minute,15
Change the meeting time reminder from 2 PM to 4 PM.,47
what's happening in seattle tonight,29
Set up a reminder for me to call EAO to reschedule my interview.,43
Open Spotify music playlist,16
please tell me the news,18
Who is reachable now,5
what does he do on weekends?,52
edit one week before alert to one day before for all reminders for the  month of October,47
I want to listen to Michael Jackson's greatest hits.,16
SET AN ALARM FOR 1ST JUNE,14
How can I make mayonnaise,60
Read me all the reminders about the cat and what alerts are set?,48
What are some quick vegan recipes,60
bbc headlines,18
reply to the guild members thread with message,0
What's today's news update?,18
tell me details on what's going on in Kentucky,18
Remind me to wish stella a happy birthday tomorrow,43
Start up a call Baylee Wilkinson and Mohamed Mckay,3
Call my mom,3
What time is the rain coming on Thursday?,25
will it rain today,25
Can I verify I have reminders set for Show Choir practice?,48
What's the current news from the White House cabinet?,18
set alarm to go off at 5pm daily,14
Delete my reminder to call my boyfriend tomorrow,42
Tell me who works in Beaverton.,4
CAN I HEAR NINE INCH NAILS TRACK LESS THAN?,16
how many reminders do I have this week?,90
disable my alarms,37
what's the news in the music industry,18
should I take a sweater,25
what's the high for today?,25
How much longer on my timer?,11
activate group call,3
how hot in noosa tomorrow,25
Anyone work for McDonalds?,4
Can I update my reminder for next month’s trip to Canada?,93
Can I add salt to unsalted butter,61
Send message to mom to buy eggs,0
Set the timer for the next 15 minutes,15
Find me some pop music.,16
Send Nick a call please,3
Who is living in Oklahoma City now?,4
Wake me up in 2 hours,14
In 45 minutes remind me to take a break from working and grab a drink of water!,43
When is the Election Day,63
i want you to display all successful calls with Bob Andary,35
How's the weather in Malibu today?,25
can you phone Jorge Lin on WhatsApp,3
Show me people employed with Google,4
hit me up with  some red sox news,18
Remind Edd that I love him,43
Please add my grandma to the call,22
Should I wear short sleeves?,25
make a timer to last 1 minute,15
Is it going to be sunny all day today?,25
Football score news,18
How is the weather like in Scotland?,25
What ingredients do I need to make miso ramen,59
Give Susan a call,3
What are my reminders for the first half of September?,48
put up a timer for 14 minutes and one for three hours,15
Remind me to close the door,43
Please add 20 minutes to the current timer,65
Remind me to buy A's spirit shirt before Monday,43
Ring Dr. Stately right now!,3
play frozen soundtrack on spotify,16
lengthen my timer by 14 minutes,65
What was yesterday's low temperature,25
Remind me on Tuesday that I have a unit meeting on Wednesday at 3pm.,43
just 2 more minutes,36
Show this week's reminders.,48
Please tell me the details about OJ Simpson parole,18
Will it snow today,25
Give me a weather forecast for the 26th of May,25
Set a lunch alarm for the 17th at 1pm,14
does it get cold in the Galapagos,25
What are my local news stories,18
what is the latest new york post headlines,18
make my timer longer by four minutes please,65
Set alarm for 6:00 am,14
Is the alarm set,24
Cancel alarms,38
Is Li still living in Seattle?,27
Te me about the weather for this afternoon at 2pm,25
I would like to  start using  the video call  please,31
delete the reminder for book group this month,42
how many calories are in vanilla ice cream,59
Set a extra reminder 10 mins before school gets out,43
What close friends of mine are online?,5
List all my missed calls for yesterday,35
play midnight on pandora,16
on whatsapp call Jace's cell,3
Are there any celebrities in the news currently,18
Does anyone work for Mercy Hospital?,4
current rap music,16
SET TIMER FOR 12 MINUTES,15
what is the title of this album,72
What is the forecast for Friday?,25
Message Jim and tell him the fishing tournament will begin at 5:00 AM.,0
Set an alarm for 8 AM.,14
How do I prepare a whole fish to be cooked,59
Send Sam a message asking if she is home,0
i want to be timely to the event at 19:00 please remind me 60 minutes prior,43
dial Gregory right away,3
Who works at Chuck E Cheese?,4
go to iheartradio and play WQXR,16
play my Pandora Warm Fuzzy Feeling station,16
call up the wife of James Petersen,3
change my status to going for An Evening with Debra Messing,7
Create an alarm Monday through Friday at 6 am,14
Show me dates for music festivals in 2018,29
can you give me election news?,18
"How many of my friends live in London, UK currently?",4
give ruby brandon a call,3
Did I get any new messages in the past hour?,1
Can you remind me to submit my work at 5pm?,43
please make alarm for monday at 5pm,14
remind me to respond to Jeffrey's email at 5pm,43
Reduce time by 10 minutes,12
what's my dinner reminder on Friday?,48
put this alarm on a 10 minute snooze,36
show me Ricardo's brother,4
default music app amazon,17
Let Don know that I will arrive later than planned.,0
Remind me on the 13th to send Tracie her birthday card.,43
Do I know anyone who went to Devry?,4
Begin timer for 10 seconds.,15
is it going to snow tuesday,25
What the current world headlines?,18
what time is the dawn on thursday,86
Please play Bank Account,16
Please set my availability to offline,33
change my reminder for eastern time zone,47
What recipe can be cooked in a crockpot,60
Is there news on ViaSat 2 today?,18
Snooze this alarm for 20 minutes,36
what is the best way to cook a cheesecake,59
stop that timer,9
when is my next reminder for a football game,49
Set up alarm called 'delivery' tomorrow at noon,14
Instead of reminding me about dinner on Wednesday can you please do it on Friday.,47
Weather today at 1pm,25
When does Dawn graduate from the culinary school?,55
I need an alarm to remind me to do a task this afternoon,14
When did I last call mum?,34
alarm restart,14
how cold will it be overnight,25
start my timer over,13
Help me cancel party reminder.,91
Clear my walk the dog reminder,42
make an alarm for 2235,14
Go through my messages please,1
I don't need the reminders about Emerson's birthdays in May anymore.,42
TEXT JAN AND ASK HER WHERE WE'RE ALL MEETING FOR THE ART WALK IN A FEW DAYS.,0
Give me a news update of the last 24 hours.,18
Look up the status of the healthcare bill in the news,18
Who's birthday is coming up in the next two months?,4
any news on north korea,18
Remind me what I use to make BBQ sauce,59
make one timer for eight seconds and another for 12 hours and another for 8 minutes,15
show me how to bake onions,60
Remind me to get liquor and soda for the party on Sunday and bake the cake by Saturday night.,43
change the time for exercise reminder,93
Get rid of the reminder for my dog's appointment.,42
Tell me some celebrity news.,18
What will the weather be like at 5:00 in the morning?,25
please call Trent Yu right away,3
play 6LACK on iheartradio,16
How many sugar teaspoons are needed for a regular cake,59
Snooze alarm until noon.,36
Message dad to tell him to use his GPS.,0
i will be busy in an hour,33
go ahead and call Josie,3
Show me the reminder for the house tour,48
What time was the call from John today?,34
set timer for 10 minutes,15
Please call my cousin now.,3
Is it around 35 Fahrenheit new york tomorrow morning,25
fire news,18
what reminders do i have set for this weekend,48
Suspend the workout timer for now,9
how much rain can i expect later,25
What milk is best for making cookies,59
Is there snow in the forecast for Aspen next week?,25
do i have friend living in bay area,4
what is the current political headlines?,18
Call up Kevin now.,3
Remind John our dinner date is at 3:30pm,43
Are there any severe weather advisories for the Pacific Northwest,25
Remind me I have an appointment tomorrow,43
Tell me the weather.,25
please remove reminders to open door for maid,42
Do you use cornstarch for an apple pie,61
Video message for Susan Smith.,0
message Macelyn and as her if the school concert is in Blue Springs,0
Tell Sarah we won't be there,0
Can you give me a list of my class reminders this week?,48
remind me to walk neighbor's dog thursday at 6pm,43
hang up Danielle,32
Skype call to Michael,3
"Tell me what the weather is like in Perth, Scotland.",25
Has Macie messaged me?,1
reset my timer please,74
What's with the blow up chicken at the White House,63
How long does it take to cook spaghetti,59
how you make pancakes,60
Tell me who works at Starbucks.,4
Set an alarm for me and call it cut potatoes,14
Remind the family about getting prepped for family photo.,43
Time left,11
Send a message to John to let him know that the movie time has been changed to 7:30pm tonight and I'll meet him there.,0
Set a sleeping time alarm,14
create one timer for 18 minutes and another for 15 minutes and another for 6 minutes,15
play Legend (Deluxe Edition) on iHeartRadio,16
who went to UIC with me,4
call Peyton 's brother,3
create alarm for 1130h,14
Please start call with dad,3
reset the alarms,37
Set up a reminder to meet my daughter this coming weekend,43
set a reminder for Jordan to turn off the sprinkler in the front yard at 5pm tonight.,43
I want to be reminded to brush my teeth,43
read national news headlines,18
Who is Helen?,52
Play the classical station on Pandora,16
Read the political headlines please,18
can you remind me to pick up milk,43
what are the steps involved to create cakepops,60
search for Cameron James' husband,4
Comedy shows this Friday in New York,29
Play any Linkin Park song.,16
play the plane crash news,18
set timer for 28 minutes for cake to be done,15
set timer for 4 hours and 20 minutes,15
take grandma Jane off the call,22
turn off all alarms and timers,37
What ingredients are in pancakes,59
Adjust my alarm to 6pm,40
how many carbs are in chocolate cake,59
play Rolled Gold + on google play,16
call ben,3
Can you set an alarm for tomorrow?,14
Remind me to invite Sarah to dinner tomorrow.,43
Any events this weekend,29
Tell me if Sam is currently available,5
delete all my gym alarm,38
add 2 minutes to the timer,65
"Set three alarms today, one for 3pm, one for 5pm and one for 7pm.",14
Skip to Korean music,16
What year was that song recorded?,72
set alarm for 5 am for Monday through Friday,14
How much time do I have left on my cookies?,11
call Carole Gregory,3
Are there any good concerts this New Year's Eve,29
friends of shawn,4
call the fourth Amanda,3
please send Lucy the Facebook video message,0
i want you to start recording a video message for Mohamed,0
"What percent of thunderstorms are expected in Brooks, Kentucky today?",25
What was Jack Daniels' profession listed as?,97
What are the top news on Fox?,18
Whats the cooking time for an 10 pound turkey,59
stop calling Sherman,32
Does it snow  in Las Vegas?,25
Did I get any calls from my wife,35
Can you please show me all of my alarms?,24
Remind me to email the HOA about the fencing company coming to do an estimate next Tuesday at 10 AM.,43
Quiet please.,37
play beyonce 4 album,16
How cold will it be today?,25
Name which of my buddies are online,5
"Create call for me Harrison Foreman, Jake Blevins, and Kate Rogers",3
Donald Trump collusion stories please.,18
stop timer names cookies,9
What was BBC news top stories for this morning?,18
set up a reminder to call the drs. office tomorrow,43
Set an alarm for February 12th at 6am,14
Set timer to 30 minutes.,15
please change wake up alarm to sleep in alarm,40
recent news in the MLB,18
"Please call my sister, Jenna.",3
Should I bring a jacket to Toronto tomorrow?,25
message via Messenger,0
start timer for 10 minutes,15
what is the percentage chance of rain for tonight,25
start playing 98 rock on iheartradio for me,16
I need to call Jimmy,3
call Dora,3
find recipe for a mexican casserole,60
call Kylie 's mother,3
"Please Bot, delete the reminder to call Emma on Monday, as she is coming over tomorrow.",42
What concerts are happening,29
Remind me to check my grocery list for meal prep items.,43
Do Colin and I have any of the same friends?,101
How long has Jeff worked at Amazon?,54
play my favorite songs but shuffle them,80
make video call only,31
I want to listen to snoop dogg on Pandora,16
Text my daughter and tell her to wash the dishes,0
Give me the latest news about Britney Spears.,18
Play a country song,16
What is the highs in Vegas this weekend?,25
information on sports news,18
Play something by Lady Gaga,16
Birthday reminder alarm Saturday 8pm,14
What is happening next month,29
reply to Johan with a video message,0
Please give me the weather for South Australia,25
What is Taylor Swift's most popular song,68
Show me the last timer results,11
How many cups of flour for Toll House chocolate chip cookies,59
"Let me know the weather forecast in Quebec, Canada.",25
do i need a raincoat today,25
How much iron is in spinach,59
who works for te data company?,4
Can I have the sports headlines now?,18
update my Reading timer,19
Reset the timer please,74
Show me friends of Rob,4
play the songs that I love,16
Please give me details on N. Korea in the headlines,18
"5 day forecast for Orlando, Florida",25
make a whatsapp call to Mateo Barrera,3
I need to find a contact in Hartford.,4
cancel my reminders,42
Please read the details about the Taylor Swift court trial.,18
Who graduated from Virginia?,4
Remind me to cut the grass on Sunday,43
Alert me at 3pm tomorrow.,14
What is a low carb food,59
What is the humidity like today?,25
Set a reminder to complete the appen survey project by 8/1/2018,43
Show me a reminder for my next alarm.,48
who do i know in rice lake,4
Remind me tomorrow of my dinner with my brother,43
should I put on a swimming costume today,25
Will it rain in the next few days?,25
whats weather forecast for tomorrow,25
Weather this afternoon.,25
end call with noah and switch to sophie,46
call Aria T,3
text Kaden and tell him that ye,0
play The Fray on iheartradio,16
make itunes as main music provider,17
tell me the headlines,18
call Barbara four,3
how many cups of sugar are in a cake,59
What is the top headlines for today,18
do I have any reminders for lunch,48
remind me tomorrow to call jen,43
Set alarm for 9 pm tonight only.,14
see if delores will answer right now,3
Open Spotify and play my country song list,16
concerts in orlando next month,29
Would you please provide details for today's weather?,25
I need to schedule a dentist appointment; remind me to do so tomorrow afternoon.,43
I want a weekend alarm to go off at 8am,14
Are there any concerts tomorrow in Tampa,29
Has Kara worked for IBM before?,53
Message Sally with the deadline date of October 11th for the medical questionnaire to be completed.,0
start calling Stephanie Dougherty's grandma,3
Set my alarm to 5 am on Thursdays,14
i want to listen to Calvin Harris,16
please send a message to the physics group,0
Which of my cousins are online?,5
I want to go to an event in Dallas,29
Message Lou that the check is ready,0
What years did Jessie attend Barton?,55
give me Action news local highlights today,18
whos available,5
Set an eye doctor reminder for the 25th,43
how hot is it going to get?,25
What time does the sun go down in Colorado,10
message steph when is the meeting,0
Please make an alarm for August 5th at 10:00 am to go to my friend's wedding.,14
This morning's weather please.,25
Send a message to my aunt asking what day she is visiting,0
Schedule an alarm for Mondays at 10am every week this month,14
Where did Aida just start?,53
I don't want to listen to this playlist anymore,76
Who works at Long John Silvers?,4
anything news worthy happen in the last hour?,18
I'd like to video call with Kennedy Gardner and Alejandro Potts on Whatsapp,3
What is the weather forecast in Hawaii?,25
Sugar cookie recipes,60
Tell me who I know that is online now,5
Tell me what you know about Mike.,52
play songs by thelonious monk,16
Check reminders for the girls retreat,48
I want to listen to Linkin Park's last album,16
read me the latest headline,18
how many lemons to prepare a gallon of lemonade,59
Set my timer for my tabata workout.,15
play Portugal. The Man on iheartradio,16
How to make a good seasoning rub for pork,60
Schedule repeating alarm every day at 7pm,14
for which day did i have a reminder set about getting karly's mail,49
Change the genre to pop,16
Join Dad to this call,22
Latest news on Trump,18
Any recent news from Afghanistan ?,18
Who else graduated from Lehman?,4
Stop playing the music,81
are there any events going on tomorrow,29
What's the latest news?,18
tell me about Luke,52
pause the music,71
will i need gloves for friday?,25
lengthen my timer by 11 minutes,65
Call My brother Nic and my mother Cathi,3
How many cups of water to boil for pasta,59
weather for New York,25
Where can I find parsley near me,59
Play a certain rap artist,16
make a timer for thirteen minutes named turkey,15
who is Chelsea Ann Kramer's dad?,4
do i have any contacts who went to stanford university,4
Change the reminder for my live streaming session to be the third Thursday of the month at 4:49pm.,47
Play more songs in this genre,16
Create a reminder that I need to buy baby food tomorrow morning at noon,43
play the newest songs,16
Stop making the call,32
Has there been any breaking news about the Russia scandal today?,18
Set a timer for 20 minutes for the frozen pizza,15
Add eight minutes to my timer,65
Who works at Creative Consultants?,4
what's the national news,18
Anything fun happening in Philadelphia this weekend,29
Invite Dad,22
Delete reminder for the 5K run next Saturday.,42
Set music application as google play music for me,17
Remind me to pick up the cake at 11 am on Sunday.,43
is 2022 lauderdale Jessica's address?,27
Did anyone win the lottery?,63
open iheartradio and play Tonight,16
What is the water to flour ratio,59
I wanted to call Edward Weiss,3
Invite stepmother to add to call,22
display my texts from my cousin,1
Dial Anna and add her to this call,22
call My life partner Meagan Strickland and my grandfather Alan Velasquez,3
Remind me to watch Empire movie series on Fox Tv station tonight,43
Set an alarm in 10 please,14
can you send my family message,0
message Monica that the 5K Charity Run for Cancer is at 6am,0
video message A Mathews,0
can you send Judith the video message via Messenger,0
Do you have a reminder set for my test tomorrow?,48
Delete wake up alarms on Wednesday,38
do I need to take an umbrella?,25
play Selena Gomez's newest hit,16
what are the number of calories in burgers,59
Stop sending the video message to Mckenzie,103
"What's the forecast for Easter,?",25
Is it above 35 in fahrenheit madrid next week,25
Play Tory Lanez,16
set an alarm for 2330,14
set alarm every minute for 20 minutes,14
set alarm for bath time,14
What goes good with chicken,59
Has the leaders group messaged me since Wednesday,1
How is it like the climate in Paris?,25
Set an alarm for 10 AM,14
How many cups of water is used to cook 2 cups of rice,59
remind me to pick up my dry cleaning when I leave the house.,43
how do you separate a yolk from egg white,59
what is the weather like in Rome,25
Ignore all calls,51
Remind me at 4PM - hopefully I can beat the traffic at that time,43
Hows the weather today?,25
Who does Brian work for?,53
will it be sunny later?,25
Set alarm for 10pm every other Thursday,14
remind me to go to doctor's appointment next week on thursday,43
remind me to pack lunch for tomorrow tonight,43
play the last song again,62
Can you set a reminder to turn off my son's alarm this evening?,43
are there clear skies tonight,25
Can you check who called me?,89
What`s the weather like in Australia ?,25
Start the timer again,74
what ingredients do I need for banana bread,59
Do any of my friends have a primary residence in New York City?,4
what are the best potatoes to use for,59
I need to know the weather in Sydney a week today,25
"Make a group call to mom, Jim, and Dennis.",3
Recommendations for rugby games in Oakland,29
Comedy shows in New York next weekend,29
Is it wet or dry outside?,25
Remind me of when my nail appointment is for Saturday.,43
Could I record a video message,0
Can you remind me what I had to do today?,48
Delete my reminder to call Liberty University.,42
i want to touch base with Jeffery,3
"Set an alarm that rings on Mondays at 7am, please.",14
Who works at Happy Nails?,4
Create a wakeup alarm 8am on Sunday,14
play channel 13 live,18
Cancel Timer,75
message a video message to Gregory,0
I'd like to call Kimberly Paul Hendrix,3
play my playlist on pandora,16
how old is jo anne,57
Who are Grant's friends?,4
set an alarm for 622,14
How's the weather like for Bondi Beach this Sunday?,25
How long should I bake this chicken,59
Give Vicky a call,3
Give me news update for Florida,18
Please set alarm on March 21st at noon,14
resume the current song,106
Tell me which calls I missed this morning,35
remind me to take dog for walk tomorrow,43
What soccer match can I go to on Monday,29
are there any news about Trump and USA today?,18
Remind me to buy ink cartridges,43
Set reminder to prepare for interview at 3 p.m. tomorrow,43
i am not available now,33
How long is left on the timer?,11
Set a reminder to contact John about his meeting with the counselor on Tuesday.,43
"Give me more details about Taylor Swift's court trial, please.",18
read my Facebook texts,1
I want to listen to Maroon 5 latest album.,16
Stop timer and restart,9
Remind me of Jerry's funeral next Friday in Dallas.,43
Can you play Guns n Roses?,16
How many seconds are left on my timer?,11
Create a repeating alarm that goes off every Wednesday at 3pm.,14
please  i am available,45
Read me some of the headlines from CNN.,18
Are there any rugby games going on on Saturday,29
who would i know in boulder,4
Should I bring water?What is this weeks forecast?,25
What is happening in Chicago this weekend,29
add twelve minutes to my Inhaler timer,65
"please send that video to Tom, Vanessa, and John",0
remind me to visit my attorney on Monday morning,43
I need a wake up alarm for 6am tomorrow,14
How much sun will we get tomorrow afternoon?,25
Recent news about affirmative action,18
i want to see messages from Braelyn,1
start conversation with father,3
play that song 2 more times,79
Are we at work with North Korea,63
what's this song called?,72
Will I need to wear warm clothes on Monday?,25
how much sugar is in a can of coke?,59
Tell my mom after she takes a right at the stop sign she has to turn left at the light to make it the gate of my house.,0
should I bring an umbrella today,25
get some more events that are dog friendly,29
what temp should my oil be for frying chicken,59
is it going to be cloudy all day,25
Send the WhatsApp message,0
remind me to call stacy later,43
Play God is a woman by J. Cole,16
I want you to please show the friends on the screen,4
Add brother in law to call,22
set alarm to go off in 20 minutes,14
set a reminder to meet with joan before the 10am meeting today,43
DId anyone text me via Facebook,2
set alarm weekly to wake up at 6 am,14
Make alarm for Thursdays at 12am,14
instigate group call with family,3
I'd like to set amazon as my default music provider,17
What are the trending news stories today?,18
Please can you call my mom?,3
How much more time is there on the timer?,11
What is the most recent news for education in the state of California,18
set the alarm for 8am,14
Current european headlines,18
Snooze my alarm for ten minutes.,36
homemade bread recipes,60
Where does Nate live?,27
Make an alarm at 6 on Monday mornings,14
Show me the next reminder.,48
call the first Marques,3
call the grandmother of Amanda Lynn,3
set a reminder to call brian at 7 pm,43
how much left on the first timer?,11
Set a reminder for Monday.,43
show me all of the upcoming reminder I have on Thursday through the rest of 2018,48
What is the weather forecast for Easter Monday,25
Give me the weather for the first weekend of September in Prague?,25
can you invite Susie to the current call,22
Are there any local events going on this week,29
send a message to my brother asking him if the pet adoption event today is on the corner of main and 31st street,0
Find me an Italian meatball recipe,60
does Janice work in Pembroke Pines?,27
I would like to  engage  video calling mode  please,31
Call my sister please,3
Read me more on the top stories,18
I want to listen to One More Light by Linkin Park on Spotify,16
call bookkeeper,3
Tell me the most recent TMZ headlines.,18
Should I let my pizza dough rise,61
Find me all of Becky's friends?,4
whatsapp video call Hudson,3
Show me people I may know that work at TJ Maxx,4
message Samantha and let her know the class will start in one week,0
tell me when dusk is on sunday,10
respond no to C-ID Night Market,84
set timer to start at 9 pm,15
answer new call,44
Create an alarm calked wake up at 6am,14
When is my alarm set for next?,24
Send a message to Janie and ask her what theme she chose for the anniversary celebration next month,0
could you message a video message,0
what ingredients are in peach cobbler,59
What is Shannon's home address?,27
I might want to go to to Pumpkins in the Park,6
will there be severe weather today?,25
Set alarm for 10 a.m. tomorrow please,14
Add a timer for 25 minutes,15
Play halsey badlands.,16
can you please send message to the soccer team chat,0
how many calories are in a chocolate ganache cake,59
Which one of my friends was online this morning?,5
Has Gloria messaged me today?,1
set alarm at 8:15 pm,14
What are the weather forecasts for the Victorian Alpine Region?,25
put up a Blink timer,15
Show me the employees at the bowling alley.,4
What is the weather looking like in London at 4pm?,25
right now I am available,45
Friends of Catherine,4
Tell Sara thank you for the invite to the luncheon next month however I will not be able to attend.,0
Please set my alarm for 7am tomorrow.,14
Remind me to make a new house key on Friday.,43
How do you make homemade ice cream,60
Set me an alarm for midnight on Saturday the 6th.,14
"Were any of Nussbaumer in laws born on July 7th, 1986?",4
Set an alarm for every Tuesday at 12.,14
Do I have any reminders for Friday the 13th?,48
play Words I Might Have Ate,16
lets see video messages from Mya,1
I'm done talking,32
Please remind me to buy milk tonight.,43
Set the alarm for am every day until Friday,14
show me as online,45
Tell me what the weather is like in Alice Springs,25
Enable alarm for every hour.,14
Please skip,69
Remind me on Monday to pay the bills,43
change saturday's lunch reminder to say don't forget the chips,50
Is it going to be below 8 degree Fahrenheit in Tokyo today,25
what were the headlines on CNN,18
"Sorry, please set reminder to do laundry.",43
any new news about trump today,18
how much snow did we get yesterday,25
forecast for victoria please,25
Please read the latest news stories to me,18
What temperature do I have to cook a chocolate chip cookies with butter in them,59
set up a reminder for me next wednesday to see if vivian needs a ride to the salon,43
Hangup call,32
Recipe for fried chicken,60
Is my mom online?,5
Remind me to clean the garage for the sale Tuesday,43
What's going on in Atlanta on Friday,29
Minimum baking time for chicken,59
Please pause this track now.,71
When does Katie start working for UWM as a Student Advisor?,54
Switch the song.,16
I need you to send that message via Messenger,0
Does he live in Seattle?,27
top story please,18
Who is on Fox News,63
What was the headline yesterday,18
Set alarm for 10 p.m. tonight,14
Change the dinner reminder from Thursday at 6 PM to Friday at 6 PM.,47
what was the news last night,18
Message Ashlee and ask her what time the basketball game starts tonight.,0
Could you set a reminder for my sons soccer practice Thursday at 4?,43
Tell me who works at Walgreens?,4
What chance is there of rain in Dublin this Friday,25
add 5 more minutes to my timer,65
switch alarm on for 10 minutes before 9 am,14
What kind of pan should I use for stir-fry recipes,59
I want to accept the incoming call and disconnect from the current call,46
when is the next thunderstorm expected,25
Is butter necessary in baking cookies,61
Remind me to pack hubby's lunch bag for work tomorrow.,43
Make an assignment alarm for tomorrow at 8pm.,14
"Who is the founder of the ""alt right"" movement?",63
Please snooze alarm for 30 minutes,36
Are there any reminders on my calendar for Wednesday,48
if i delete one reminder can i find it again or do i need to recreate it,91
Start alarm now,14
What's the humidity now in Yonkers?,25
Let Chris know I am going to the Lindsey sterling concert at DTE in a few weeks,0
What's the high temperature for Richmond today?,25
reply to the grooms party thread with text,0
start my timer immediately,15
who sings this version,72
Today's news,18
New daily alarm 9pm,14
Show Takisha Guyon MD parents birthdays to me,4
Do I know anyone who went to Duke University?,4
start the 5 minute timer now,15
How long do I microwave water to get it to boil,59
please dial stepparent,3
show me everyone that works at Target,4
Tell me who works for CVS?,4
Talk to me about the weather for Monday,25
Have I had any video chats today?,35
Read me the local news for this morning please,18
What is the weather like this afternoon?,25
what time did Olivia call me yesterday?,34
how do i make a veggie burger,60
what items do i need to make deviled eggs,59
not going to Fisherman's Fall Festival,84
what is the average snowfall this time of year,25
dial Tonya,3
Can you skip this track,69
Please pause timer,9
How many of my friends went to BSU?,4
What alerts do I have set up for the rest of the week?,48
respond yes to Taste of Seattle,7
call Nevaeh my cousin,3
Show me the seminar reminders in Central Standard Time instead of EST,47
Tell me how much time is left on my timer now,11
please show successful calls from mary from last friday,35
cancel my timer,75
"Which of tricia stepsisters were born on June 6th, 1979?",4
Give me the news in my city,18
update alert on Wednesday from 8am to 12 pm,47
How many of my friends went to harvard?,4
Cancel sending the video message to Clayton,103
When will it start snowing?,25
Answer the call when it's Kaleb,44
how many calories are in a slice of pepperoni pizza,59
Display all reminders pertaining to Betty Ann's recent accident.,48
play it in loop,70
Find classical covers of pop songs.,16
What is the high temperature today?,25
Add 5 minutes to timer,65
set wake up alarm,14
video message Melody,0
How many calories are in an egg,59
try calling sal Crockett,3
What is the forecast for Melbourne when I land on Saturday morning?,25
Can we video call Sophie please,3
Weather forecast for 6pm today please,25
Is there soy or wheat in this recipe,61
Give me a buzz at noon,14
Should I bring shorts,25
Remind me to call the vet at 7:30 am tomorrow,43
Set up a reminder for my hiking trip with Rocco on Friday 15 minutes before 9 PM.,43
play The Studio Albums 1990-2011 by Aerosmith,16
Was there violence in the White Nationalist protest today,63
Is it windy? Should I wear a hat?,25
how many calories in each portion,59
let me see my texts from Hayden,1
search for Kirk Daniel's sister,4
add time to my Plank timer,65
are there any politicians in the news today,18
Show me a reminder 20 mins before my dentist appointment,48
Make my alarm go off tomorrow night,14
Make an alarm sound at 6pm every night,14
Create a new sound list,41
call Aubrie 's friend,3
Who was the suspect in the latest car bombing?,63
On April 11 set Alarm,14
check if any of my friends  working at Google,4
Remind me to prepare for the meeting on August 5th at 10 am.,43
Remind me to post the technician job opening by 4 p.m. today.,43
What kind of butter is good for the diet,59
Please remind me to brush my teeth tonight at 10 p.m. I keep forgetting and my dentist has noticed!,43
calories in ice cream,59
can you send Bethany the Messenger text,0
How long is this cold front expected to last?,25
Begin playing the music again,79
I need you to can you send text to Zachary Fletcher on Messenger,0
How many timers are running?,11
Remind me to call the dentist to make an appointment.,43
now add nieces to the call,22
i want to leave Sarah a video recording,0
Remind me to watch Insecure Sunday,43
When did  Michael Jackson die?,108
find Chris Pratt uk,21
i want to call Ruby Miranda Burgess,3
remind me to set a reminder about my science test at 7pm,43
Can you make an alarm for Tuesday 14th May,14
make a whatsapp call to Josiah,3
Where can I find a show,29
Can you call Blake?,3
Please set an alarm on the 21st of March,14
Give me details on most talked about topics,18
Give me details on the Panda bear that lost one of her twin cubs.,18
we are gonna call Vincent Roberts,3
Set an alarm for the morning tomorrow,14
contact Kinley with Messenger,3
When did Mike work at American Express?,54
how many minutes until the alarm goes off,24
Start a new timer at 2:00.,15
How many espresso shots are in a Starbuck's ice coffee,59
get events I'm going to,29
Things to do in Atlanta next weekend,29
Remind Carl and Ronnie that we need to leave by noon on Saturday.,43
grab my texts from Aleah,1
best blueberry muffin recipe,60
can you hit up Jake King on WhatsApp,3
Start the timer at 8:05,15
I want to set the call to video call,31
Set alarm for 5pm today.,14
Toronto weather please,25
Create an alarm for 7pm,14
Recipe for Chicken Marsala,60
what is the weather going to be like from 1 to the 7 of jue,25
Set an alarm to walk the dog at 4,14
Set a reminder that an interviewer is coming in at 5:30 today,43
cancel all my reminders.,42
What are the headlines for today in the news?,18
How long do I have before my alarm goes off?,24
things to do in columbus next month,29
hold on the alarm,36
Who is the female voice in this song?,72
Does Louise lives in Charleston,27
Who graduated from Creighton,4
Add the song waves by Kanye west to my playlist titled jams,67
Make alarm for 6 in the morning,14
Can you call Jude Gavin Miles,3
show political news,18
What were last weeks headlines?,18
Please set a timer to go off in 10 minutes.,15
Remind me to win in fortnite,43
Don't play that artist again,77
any news about donald trump,18
begin timer,15
Can you remind me to fill out new tax forms on August 15th?,43
What is Li's work address?,27
What does our State Department say about if it's safe to travel in Spain,63
What concerts are playing in Buffalo Friday night,29
message my brother that my plane will arrive at 6 p. m. on sunday the 5th,0
Tell me the top headlines from The Washington Post,18
show me spaghetti sauce recipes with no onions,60
I need to know all about Sheldon,52
please call Lillie Lawrence right away,3
remind me to plant the flowers on memorial day weekend. remind me 3 hours before,43
what is the temp in ankara turkey,25
Where does Packy work now?,53
can I get a news update,18
what is the temperature downtown,25
new timer for 15 minutes,15
Can you remind me to update my folders by tomorrow?,43
Easiest soup to make,60
Show me all the people I know well that are online currently,5
Show me all the alarms I have set,24
Please tell me who is calling,89
Did I miss any video calls today?,35
Will it rain in any part of the metroplex today?,25
call Jeffrey WhatsApp,3
set reminder to rinse out hair color,43
Tell Scott that the Pizza Meet Up has been canceled,0
will it be windy is Seattle today,25
Set my alarm for 9 pm.,14
Will it be around 8 Celcius inside,25
What are the top news for today?,18
whats the time left on my timer,11
Jaymes worked at Mack before?,53
call Brianna Anderson cell,3
I am not available.,33
please send Julia Peterson via Messenger a message saying talk to you later,0
Set the alarm for 6 am tomorrow.,14
How do I make a Thanksgiving meal,59
show me all of jims reminders for the week,48
Tell me what the weather is going to be like on the 7th May,25
I want to know how many people are online now,5
Make a call to my Meditation group on Line,3
send a vide message to the smoothie chat,0
Can you call Amy,3
I need to let me see my friend on the screen,4
is there anyone available,5
Remind me to call the my sister to check about the printer tonight at 10PM,43
do I have an alarm set,24
start my running timer,15
Call my sons,3
Set an alarm for 5am,14
we are gonna call Yareli Montes now,3
who do i know in buffalo,4
What will be the weather on saturday,25
Find me a recipe for waffles,60
Play some Alternative Rap music.,16
Suggest interesting concert in Stamford tonight,29
"Spotify, Play 50 Cent",16
Create a reminder to call Alan at 11 am Eastern Time next Monday.,43
Tell me who is the best friend of Anna,4
what is today's big news,18
did any of my family members go to Alabama?,4
record video message on work for Quinn Hamiss,0
Can I record a video message for kid,0
When did Gina attend FAMU,55
Set a weekly alarm for every Tuesday at 17pm for the next ten weeks.,14
Tell me the recent news.,18
What is the weather in St. Louis today?,25
show popular plant based recipes,60
How is the weather by 10:00am?,25
What years did Sarah attend Florida State?,55
Delete my bookclub meeting reminder that is coming up on Friday night.,42
Cancel every single alarm in the system.,38
Any election news today,18
remind me to send the supplies list to the team,43
Play Red Hot Chili Peppers songs,16
Give me a news update about the China base in Djibouti.,18
What is the name of the current track playing?,72
find me a healthy recipe with haddock,60
What city does Joe live in?,27
Tell me how much time is left on the next alarm,24
i want to call Trinity Nannette Bonilla,3
Any recent news about OJ Simpson?,18
What can I do tonight in Newport Beach,29
please terminate call now,32
Play some slow jams.,16
Show me my next alarm.,24
call Adriel Sampson on video with Whatsapp,3
I'd like set up a reminder to call and schedule my dentist appointment for this Saturday at 2 p.m.,43
begin call with sisters,3
Play OneRepublic's Baby On Baby album.,16
How many servings can you get from a 9x12 baking dish,59
Please give me news on the Twins baseball club,18
I want to listen to Tamela Mann's new album,16
Set the alarm for 10 past 2,14
Can you give me a buzz tomorrow at 8am,14
i would like to message Jane and Max video message,0
call stop,32
I need the forecast for the Easter weekend please.,25
set a reminder to take the trash out on sunday,43
Who graduated from PUC?,4
Can you give me the forecast for the next week?,25
what is the latest news on the  riots in Missouri?,18
What is the calorie difference between Pecorino Romano cheese and Gouda Cheese per pound,59
ring my stepsister,3
what events happened in the news this week?,18
Make a wake up alarm that repeats everyday at 7am,14
Delete that reminder,42
How do you make sugar cookies,60
Has Mark worked at ACS before?,53
Don't take any calls today.,51
Send a message asking Jim if you saw the figures for new sales forecast,0
Let Marta know that I'm going to the nurse's meeting at 8,0
Has the work buddies thread messaged me since last weekend,1
list missed calls today,35
send an alert that there is a road closure on highway 6 due to high water,0
make a Drink water timer,15
Notify me of all alarms,24
Show me the friends that mini and I are both friends with,101
can you send Raul and Matthew text,0
What's the weather at noon today ?,25
remind to pick up kids after work,43
set reminder to wake up in 10 minutes from now,43
dial michael and add to current call,22
Can you find me James Taylor's version of this current song,16
Please call Adam.,3
how cold is supposed to be today,25
I would like to listen to some country,16
Friend of my mom,4
call Kayleigh 's son,3
Remind me on Wednesday August 29th to call Dan on Thursday the 30th,43
Who works at Google?,4
Has Ella sent me anything?,1
what is the hottest piece of news today?,18
Play dance music station,16
Can you remind me to pick up the dog at the groomer tomorrow?,43
Set a reminder to grab the library books before I leave the house today.,43
Set an alarm for 10 PM tonight.,14
What are the top news stories for Tokyo right now?,18
Coutndown about 30 seconds,15
Record a video message for papa.,0
Play Frank Ocean.,16
Set an alarm for 6:30 am.,14
Send my mom a text saying I love you.,0
Set the dinnertime alarm to 5pm,14
Read me the messages Stephanie sent me today.,1
"IS THE WEATHER GOING TO BE NICE IN BELLINGHAM, WA",25
please add Bill to call,22
Give me one more minute,36
please add a one and a half minute timer,15
play Greatest Hits: My Prerogative by Lil Uzi Vert,16
answer Jordan's call,44
play Cashmere Cat on iheartradio,16
Do I have any friends online right now,5
Place a call to Lamar for me.,3
what is the temperature today,25
Which of chelsea Nanas were born on the 7th of August?,4
Can you get more events please?,29
is is going to snow today?,25
please lengthen that timer by 40 seconds,65
how many calories has a chocolate cake,59
Remind me to turn my 2 week notice in on Friday,43
who works at facebook,4
Get Lauren on the phone,3
What news stories are trending in China,18
Read local news.,18
Find me an easy recipe for fish tacos,60
whats the weather chances in clearwater beach tomorrow,25
cut the phone off,32
Remind me to email Michelle on Tuesday about the recital,43
Play Hello Bonjour off Yell Fire,16
Where is Amy working now?,53
is there any news on the new healthcare proposal,18
What is the annual rainfall in Virginia,25
Please make a video message for Lily.,0
How much time left on timer?,11
call Nicole instead,3
call number five,3
set routine timer 10 minutes,15
"I dont want to miss the episode of love and hip , can you remind me at 5 pm.",43
Bring in John to this call,22
play French music,16
Tell my daughter I liked her post a message,0
Is there any volleyball game next month,29
Give me an alarm every two minutes for a half hour,14
Message Flo and  tell her that Monday is fine for our afternoon meeting.,0
Remind me to pick up Joanie on my way to work tomorrow.,43
Can you make a new timer that will run for 97 seconds?,15
please make a godsmack channel,41
i want to phone call 555-2833 on WhatsApp,3
Remind me to take out the neighbor's garbage tonight.,43
concert on 6th st tomorrow,29
Record a video message for sibling.,0
I need a reminder to get my oil changed.,43
